label,fit_start,fit_end,hold_start,hold_end,n_detections,eq_aliased_forecast,eq_aliased_realized,eq_dealiased_forecast,eq_dealiased_realized,eq_ledoitwolf_forecast,eq_ledoitwolf_realized,mv_aliased_forecast,mv_aliased_realized,mv_dealiased_forecast,mv_dealiased_realized,mv_ledoitwolf_forecast,mv_ledoitwolf_realized
full,2015-01-06,2017-12-26,2018-01-02,2018-01-23,0,2.5860328237350277e-06,4.6418448523335826e-06,2.5860328237350277e-06,4.6418448523335826e-06,2.6137702410673656e-06,4.6418448523335826e-06,1.1774627678904441e-06,3.1483415420515976e-06,1.1774627678904441e-06,3.1483415420515976e-06,2.24383876259281e-06,3.1483415420515976e-06
full,2015-01-13,2018-01-02,2018-01-09,2018-01-30,0,2.5847141765986682e-06,4.630166226375894e-06,2.5847141765986682e-06,4.630166226375894e-06,2.6143585776627634e-06,4.630166226375894e-06,1.1755513453867083e-06,3.1557024194266455e-06,1.1755513453867083e-06,3.1557024194266455e-06,2.2471563991272567e-06,3.1557024194266455e-06
full,2015-01-20,2018-01-09,2018-01-16,2018-02-06,0,2.5517354294795047e-06,4.74717416968325e-06,2.5517354294795047e-06,4.74717416968325e-06,2.603976429122856e-06,4.74717416968325e-06,1.1594505763105402e-06,4.012520577319618e-06,1.1594505763105402e-06,4.012520577319618e-06,2.2247019134579523e-06,4.012520577319618e-06
full,2015-01-27,2018-01-16,2018-01-23,2018-02-13,0,2.593820340519432e-06,5.3022345214099555e-06,2.593820340519432e-06,5.3022345214099555e-06,2.6193601979438456e-06,5.3022345214099555e-06,1.1855061367050988e-06,5.250829182397334e-06,1.1855061367050988e-06,5.250829182397334e-06,2.2382825601457935e-06,5.250829182397334e-06
full,2015-02-03,2018-01-23,2018-01-30,2018-02-20,0,2.6248518780264742e-06,4.621781149577793e-06,2.6248518780264742e-06,4.621781149577793e-06,2.634132779173763e-06,4.621781149577793e-06,1.1881114561849714e-06,4.2290793005094985e-06,1.1881114561849714e-06,4.2290793005094985e-06,2.24666599355267e-06,4.2290793005094985e-06
full,2015-02-10,2018-01-30,2018-02-06,2018-02-27,0,2.625109091958055e-06,6.616366117581098e-06,2.625109091958055e-06,6.616366117581098e-06,2.6337079251881588e-06,6.616366117581098e-06,1.1788928885031796e-06,7.665004403989831e-06,1.1788928885031796e-06,7.665004403989831e-06,2.2476201728893077e-06,7.665004403989831e-06
full,2015-02-17,2018-02-06,2018-02-13,2018-03-06,0,2.609414793023963e-06,1.1733016381821592e-05,2.609414793023963e-06,1.1733016381821592e-05,2.627908011088382e-06,1.1733016381821592e-05,1.1811070131870534e-06,1.1444653812960673e-05,1.1811070131870534e-06,1.1444653812960673e-05,2.2540927621604377e-06,1.1444653812960673e-05
full,2015-02-24,2018-02-13,2018-02-20,2018-03-13,0,2.653117223006822e-06,6.6023442933602464e-06,2.653117223006822e-06,6.6023442933602464e-06,2.644334859872764e-06,6.6023442933602464e-06,1.208470629186048e-06,4.993220425470942e-06,1.208470629186048e-06,4.993220425470942e-06,2.2611008228844304e-06,4.993220425470942e-06
full,2015-03-03,2018-02-20,2018-02-27,2018-03-20,0,2.6573940599642605e-06,4.732404765355366e-06,2.6573940599642605e-06,4.732404765355366e-06,2.6482820118733153e-06,4.732404765355366e-06,1.2052914138517592e-06,6.036635967273663e-06,1.2052914138517592e-06,6.036635967273663e-06,2.2561380162636662e-06,6.036635967273663e-06
full,2015-03-10,2018-02-27,2018-03-06,2018-03-27,0,2.69155468029573e-06,7.877012265430409e-06,2.69155468029573e-06,7.877012265430409e-06,2.661285710737544e-06,7.877012265430409e-06,1.2440104585247078e-06,6.674336353892724e-06,1.2440104585247078e-06,6.674336353892724e-06,2.2731987666005558e-06,6.674336353892724e-06
full,2015-03-17,2018-03-06,2018-03-13,2018-04-03,0,2.802620250481773e-06,2.7630418163310757e-06,2.802620250481773e-06,2.7630418163310757e-06,2.703994093389776e-06,2.7630418163310757e-06,1.2885625835385534e-06,2.1273768302285724e-06,1.2885625835385534e-06,2.1273768302285724e-06,2.29791299150077e-06,2.1273768302285716e-06
full,2015-03-24,2018-03-13,2018-03-20,2018-04-10,0,2.7796028984219424e-06,5.5795273274616095e-06,2.7796028984219424e-06,5.5795273274616095e-06,2.6948820514913693e-06,5.5795273274616095e-06,2.2423677162911963e-12,9.30641164630003e-06,2.2423677162911963e-12,9.30641164630003e-06,1.098952464534522e-05,9.30641164630003e-06
full,2015-03-31,2018-03-20,2018-03-27,2018-04-17,0,2.7736732103019404e-06,7.591718308207273e-06,2.7736732103019404e-06,7.591718308207273e-06,2.6947955182509717e-06,7.591718308207273e-06,3.773563158759016e-20,1.3252881206944817e-05,3.773563158759016e-20,1.3252881206944817e-05,1.0413655028115712e-05,1.3252881206944817e-05
full,2015-04-07,2018-03-27,2018-04-03,2018-04-24,0,2.7778499718337676e-06,4.017106373437826e-06,2.7778499718337676e-06,4.017106373437826e-06,2.6930221008175325e-06,4.017106373437826e-06,1.2893224964646822e-06,4.060137720667218e-06,1.2893224964646822e-06,4.060137720667218e-06,2.316479486237161e-06,4.060137720667218e-06
full,2015-04-14,2018-04-03,2018-04-10,2018-05-01,0,2.7679046300404664e-06,1.5942287373158047e-06,2.7679046300404664e-06,1.5942287373158047e-06,2.6895335193954424e-06,1.5942287373158047e-06,1.2791985824074683e-06,1.347920457040807e-06,1.2791985824074683e-06,1.347920457040807e-06,2.312181210083458e-06,1.347920457040807e-06
full,2015-04-21,2018-04-10,2018-04-17,2018-05-08,0,2.836997288775274e-06,1.0486552219585744e-06,2.836997288775274e-06,1.0486552219585744e-06,2.7163335629856526e-06,1.0486552219585744e-06,1.293620131101957e-06,1.1452515982363659e-06,1.293620131101957e-06,1.1452515982363659e-06,2.3240314763875717e-06,1.1452515982363659e-06
full,2015-04-28,2018-04-17,2018-04-24,2018-05-15,0,2.89967107572728e-06,3.773465213426228e-08,2.89967107572728e-06,3.773465213426228e-08,2.7392432494335115e-06,3.7734652134262294e-08,5.932579377192746e-20,1.5260927365045334e-05,5.932579377192746e-20,1.5260927365045334e-05,1.0145330107189012e-05,1.5260927365045334e-05
full,2015-05-05,2018-04-24,2018-05-01,2018-05-22,0,2.9023583874555854e-06,1.7535184314213642e-06,2.9023583874555854e-06,1.7535184314213642e-06,2.737348711747372e-06,1.7535184314213642e-06,1.2977989127528572e-06,6.30255489787782e-07,1.2977989127528572e-06,6.30255489787782e-07,2.3250383488996942e-06,6.30255489787782e-07
full,2015-05-12,2018-05-01,2018-05-08,2018-05-29,0,2.8803999218472367e-06,2.574767238806529e-06,2.8803999218472367e-06,2.574767238806529e-06,2.7257475376512044e-06,2.574767238806529e-06,9.496400520642393e-22,6.217448238478504e-06,9.496400520642393e-22,6.217448238478504e-06,1.0025693108285296e-05,6.217448238478504e-06
full,2015-05-19,2018-05-08,2018-05-15,2018-06-05,0,2.8832264299968877e-06,2.6562684283821115e-06,2.8832264299968877e-06,2.6562684283821115e-06,2.7248740727927927e-06,2.6562684283821115e-06,4.462893953540066e-19,8.546047739432691e-06,4.462893953540066e-19,8.546047739432691e-06,1.0076384303038885e-05,8.546047739432691e-06
full,2015-05-26,2018-05-15,2018-05-22,2018-06-12,0,2.8814792160748085e-06,2.3203518220830827e-06,2.8814792160748085e-06,2.3203518220830827e-06,2.719976866019861e-06,2.3203518220830827e-06,1.286217418148346e-06,3.772403862993526e-06,1.286217418148346e-06,3.772403862993526e-06,2.354291329987011e-06,3.772403862993526e-06
full,2015-06-02,2018-05-22,2018-05-29,2018-06-19,0,2.8609659238574383e-06,3.1363917496519267e-06,2.8609659238574383e-06,3.1363917496519267e-06,2.710536544992422e-06,3.1363917496519267e-06,1.2481774167381274e-06,4.793173948290126e-06,1.2481774167381274e-06,4.793173948290126e-06,2.336918615591291e-06,4.793173948290126e-06
full,2015-06-09,2018-05-29,2018-06-05,2018-06-26,0,2.864684447730939e-06,6.8247593815964e-06,2.864684447730939e-06,6.8247593815964e-06,2.7106670576905817e-06,6.8247593815964e-06,1.257122907853357e-06,8.101435302986529e-06,1.257122907853357e-06,8.101435302986529e-06,2.3364168699941527e-06,8.101435302986529e-06
full,2015-06-16,2018-06-05,2018-06-12,2018-07-03,0,2.8672117392599177e-06,5.0282983022436064e-06,2.8672117392599177e-06,5.0282983022436064e-06,2.712059922160445e-06,5.0282983022436064e-06,1.2793078464407507e-06,4.419736942889047e-06,1.2793078464407507e-06,4.419736942889047e-06,2.346477821105257e-06,4.419736942889047e-06
full,2015-06-23,2018-06-12,2018-06-19,2018-07-10,0,2.8620070997760494e-06,5.385373657734853e-06,2.8620070997760494e-06,5.385373657734853e-06,2.7101563158425318e-06,5.385373657734853e-06,1.2886960836755206e-06,5.3030763376673825e-06,1.2886960836755206e-06,5.3030763376673825e-06,2.3480709863208544e-06,5.3030763376673825e-06
full,2015-06-30,2018-06-19,2018-06-26,2018-07-17,0,2.759134391127761e-06,3.4775555762147522e-06,2.759134391127761e-06,3.4775555762147522e-06,2.67374318506478e-06,3.4775555762147522e-06,1.2519520156995373e-06,4.210692140654013e-06,1.2519520156995373e-06,4.210692140654013e-06,2.322864575815118e-06,4.210692140654013e-06
full,2015-07-07,2018-06-26,2018-07-03,2018-07-24,0,2.8580261121268697e-06,1.5835045006813183e-06,2.8580261121268697e-06,1.5835045006813183e-06,2.702732320130204e-06,1.5835045006813183e-06,1.2980539547283505e-06,1.5757488618197258e-06,1.2980539547283505e-06,1.5757488618197258e-06,2.3592792484345395e-06,1.5757488618197258e-06
full,2015-07-14,2018-07-03,2018-07-10,2018-07-31,0,2.8729970752619944e-06,1.262983897425112e-06,2.8729970752619944e-06,1.262983897425112e-06,2.7097611799489892e-06,1.2629838974251122e-06,1.2990176795441302e-06,1.8565620908869941e-06,1.2990176795441302e-06,1.8565620908869941e-06,2.354196478398245e-06,1.8565620908869941e-06
full,2015-07-21,2018-07-10,2018-07-17,2018-08-07,0,2.8585448386350473e-06,1.7488824915174878e-06,2.8585448386350473e-06,1.7488824915174878e-06,2.707957343440581e-06,1.7488824915174878e-06,1.3009481430323911e-06,8.437795775356343e-07,1.3009481430323911e-06,8.437795775356343e-07,2.341861926651168e-06,8.437795775356343e-07
full,2015-07-28,2018-07-17,2018-07-24,2018-08-14,0,2.8561504906867494e-06,6.517048330164391e-06,2.8561504906867494e-06,6.517048330164391e-06,2.709085469744148e-06,6.517048330164391e-06,1.3000399830200373e-06,4.7768085951787185e-06,1.3000399830200373e-06,4.7768085951787185e-06,2.3414136186273814e-06,4.7768085951787185e-06
full,2015-08-04,2018-07-24,2018-07-31,2018-08-21,0,2.8557573528413537e-06,4.870321567118564e-06,2.8557573528413537e-06,4.870321567118564e-06,2.713671663234531e-06,4.870321567118564e-06,1.2965592037065478e-06,3.310480319116256e-06,1.2965592037065478e-06,3.310480319116256e-06,2.3325672456550834e-06,3.310480319116256e-06
full,2015-08-11,2018-07-31,2018-08-07,2018-08-28,0,2.8687342784889203e-06,3.5785171821612166e-06,2.8687342784889203e-06,3.5785171821612166e-06,2.7171080883382214e-06,3.5785171821612166e-06,1.3060504070774053e-06,3.042101736701472e-06,1.3060504070774053e-06,3.042101736701472e-06,2.3401690054627063e-06,3.042101736701472e-06
full,2015-08-18,2018-08-07,2018-08-14,2018-09-04,0,2.8311178131139327e-06,3.6514311662167884e-06,2.8311178131139327e-06,3.6514311662167884e-06,2.7072623429794304e-06,3.6514311662167884e-06,1.2846227908452565e-06,4.203009358929916e-06,1.2846227908452565e-06,4.203009358929916e-06,2.3188179411872124e-06,4.203009358929916e-06
full,2015-08-25,2018-08-14,2018-08-21,2018-09-11,0,2.9023455976230044e-06,1.0976876285779978e-06,2.9023455976230044e-06,1.0976876285779978e-06,2.731517834803563e-06,1.0976876285779978e-06,1.297817492424138e-06,2.4302692791610878e-06,1.297817492424138e-06,2.4302692791610878e-06,2.326864313003837e-06,2.430269279161087e-06
full,2015-09-01,2018-08-21,2018-08-28,2018-09-18,0,2.897510982412183e-06,2.899570320876047e-06,2.897510982412183e-06,2.899570320876047e-06,2.7281518505978825e-06,2.899570320876047e-06,1.2985250060978778e-06,4.605259623318586e-06,1.2985250060978778e-06,4.605259623318586e-06,2.3249267911209655e-06,4.605259623318586e-06
full,2015-09-08,2018-08-28,2018-09-04,2018-09-25,0,2.8857043866220527e-06,2.977381517494331e-06,2.8857043866220527e-06,2.977381517494331e-06,2.7273721662918574e-06,2.977381517494331e-06,1.2860876030943915e-06,5.309743095701177e-06,1.2860876030943915e-06,5.309743095701177e-06,2.31324713485314e-06,5.309743095701177e-06
full,2015-09-15,2018-09-04,2018-09-11,2018-10-02,0,2.8805546572379914e-06,5.028805356190474e-06,2.8805546572379914e-06,5.028805356190474e-06,2.7272033230119137e-06,5.028805356190474e-06,1.308814610784108e-06,6.827981389781836e-06,1.308814610784108e-06,6.827981389781836e-06,2.3196567514460953e-06,6.827981389781836e-06
full,2015-09-22,2018-09-11,2018-09-18,2018-10-09,0,2.8831599965138575e-06,5.07913142790296e-06,2.8831599965138575e-06,5.07913142790296e-06,2.730563590259351e-06,5.07913142790296e-06,1.3130390977780438e-06,6.995451380778586e-06,1.3130390977780438e-06,6.995451380778586e-06,2.316972552409718e-06,6.995451380778586e-06
full,2015-09-29,2018-09-18,2018-09-25,2018-10-16,0,2.9384172461997246e-06,7.182531267302653e-07,2.9384172461997246e-06,7.182531267302653e-07,2.752571910497798e-06,7.182531267302653e-07,1.3770315333571225e-06,3.936560058283314e-07,1.3770315333571225e-06,3.936560058283314e-07,2.3424558965362245e-06,3.936560058283314e-07
full,2015-10-06,2018-09-25,2018-10-02,2018-10-23,0,2.9203824935494994e-06,2.1914267767202173e-06,2.9203824935494994e-06,2.1914267767202173e-06,2.744811851335827e-06,2.1914267767202173e-06,1.3639416177365011e-06,1.238123249557332e-06,1.3639416177365011e-06,1.238123249557332e-06,2.338489660495887e-06,1.238123249557332e-06
full,2015-10-13,2018-10-02,2018-10-09,2018-10-30,0,2.9537682336582516e-06,1.6559440774413914e-06,2.9537682336582516e-06,1.6559440774413914e-06,2.7660887694411524e-06,1.6559440774413914e-06,1.3728187254127213e-06,1.2493774409489305e-06,1.3728187254127213e-06,1.2493774409489305e-06,2.319561874495625e-06,1.2493774409489305e-06
full,2015-10-20,2018-10-09,2018-10-16,2018-11-06,0,2.9514627973595617e-06,1.8392379647505866e-06,2.9514627973595617e-06,1.8392379647505866e-06,2.7670388716003655e-06,1.8392379647505866e-06,1.374682659921225e-06,2.2051600286231184e-06,1.374682659921225e-06,2.2051600286231184e-06,2.3232761369581557e-06,2.2051600286231184e-06
full,2015-10-27,2018-10-16,2018-10-23,2018-11-13,0,2.960332108109072e-06,1.5567275736694614e-06,2.960332108109072e-06,1.5567275736694614e-06,2.769452973950903e-06,1.5567275736694614e-06,1.389852446985908e-06,1.5313800116600698e-06,1.389852446985908e-06,1.5313800116600698e-06,2.3286375134686265e-06,1.5313800116600698e-06
full,2015-11-03,2018-10-23,2018-10-30,2018-11-20,0,2.9685276808970346e-06,1.345623368300669e-06,2.9685276808970346e-06,1.345623368300669e-06,2.778607696677866e-06,1.345623368300669e-06,1.3885969071178496e-06,1.4219313897061527e-06,1.3885969071178496e-06,1.4219313897061527e-06,2.309530798088294e-06,1.4219313897061527e-06
full,2015-11-10,2018-10-30,2018-11-06,2018-11-27,0,2.95546397822106e-06,1.7386861312744833e-06,2.95546397822106e-06,1.7386861312744833e-06,2.7702273768460203e-06,1.7386861312744833e-06,1.4047905744279123e-06,4.1249903246768517e-07,1.4047905744279123e-06,4.1249903246768517e-07,2.3133364796057398e-06,4.1249903246768517e-07
full,2015-11-17,2018-11-06,2018-11-13,2018-12-04,0,2.9537200647175353e-06,3.528314173087044e-06,2.9537200647175353e-06,3.528314173087044e-06,2.768905970242614e-06,3.528314173087044e-06,1.4056032447106937e-06,2.713285076979059e-06,1.4056032447106937e-06,2.713285076979059e-06,2.3196359271797008e-06,2.713285076979059e-06
full,2015-11-24,2018-11-13,2018-11-20,2018-12-11,0,2.95427536799735e-06,4.1070633469132725e-06,2.95427536799735e-06,4.1070633469132725e-06,2.769001866221447e-06,4.1070633469132725e-06,1.4042351123298655e-06,3.533070236761687e-06,1.4042351123298655e-06,3.533070236761687e-06,2.320739984436359e-06,3.533070236761687e-06
full,2015-12-01,2018-11-20,2018-11-27,2018-12-18,0,2.9528994714617228e-06,2.124212593675629e-06,2.9528994714617228e-06,2.124212593675629e-06,2.767738326007488e-06,2.124212593675629e-06,1.3943839814390777e-06,2.703200185326917e-06,1.3943839814390777e-06,2.703200185326917e-06,2.319949540306209e-06,2.703200185326917e-06
full,2015-12-08,2018-11-27,2018-12-04,2018-12-25,0,2.9449645728527466e-06,5.706531855145618e-06,2.9449645728527466e-06,5.706531855145618e-06,2.7614346781767768e-06,5.706531855145618e-06,1.3834420184353837e-06,6.665401809125513e-06,1.3834420184353837e-06,6.665401809125513e-06,2.3187420035864373e-06,6.665401809125513e-06
full,2015-12-15,2018-12-04,2018-12-11,2019-01-01,0,2.966579419119022e-06,3.1320509130653687e-06,2.966579419119022e-06,3.1320509130653687e-06,2.767981581889537e-06,3.1320509130653687e-06,1.3951855521668722e-06,2.560303068848477e-06,1.3951855521668722e-06,2.560303068848477e-06,2.3253806843555e-06,2.560303068848477e-06
full,2015-12-22,2018-12-11,2018-12-18,2019-01-08,0,2.9604639765273865e-06,5.479960950086816e-06,2.9604639765273865e-06,5.479960950086816e-06,2.7675172225986627e-06,5.479960950086816e-06,1.395876794234941e-06,4.183235196318276e-06,1.395876794234941e-06,4.183235196318276e-06,2.3265088041377316e-06,4.183235196318276e-06
full,2015-12-29,2018-12-18,2018-12-25,2019-01-15,0,2.9605675801499043e-06,3.4878994731823338e-06,2.9605675801499043e-06,3.4878994731823338e-06,2.7687217911621494e-06,3.4878994731823338e-06,1.3890159943881498e-06,1.8979659985295751e-06,1.3890159943881498e-06,1.8979659985295751e-06,2.3222603717078113e-06,1.8979659985295751e-06
full,2016-01-05,2018-12-25,2019-01-01,2019-01-22,0,2.9787449999604513e-06,3.9258136234665014e-06,2.9787449999604513e-06,3.9258136234665014e-06,2.773704467618587e-06,3.9258136234665014e-06,1.393190488000403e-06,3.5750339068693413e-06,1.393190488000403e-06,3.5750339068693413e-06,2.33710253018628e-06,3.5750339068693413e-06
full,2016-01-12,2019-01-01,2019-01-08,2019-01-29,0,2.9664477629837385e-06,3.6747838209722233e-06,2.9664477629837385e-06,3.6747838209722233e-06,2.7663836420458872e-06,3.6747838209722233e-06,1.382687717903789e-06,3.5535296868473225e-06,1.382687717903789e-06,3.5535296868473225e-06,2.3361244564985663e-06,3.5535296868473225e-06
full,2016-01-19,2019-01-08,2019-01-15,2019-02-05,0,2.9843487152304325e-06,1.2214166723593556e-06,2.9843487152304325e-06,1.2214166723593556e-06,2.7727579006753107e-06,1.2214166723593556e-06,4.9058200625867805e-09,9.783998338451441e-06,4.9058200625867805e-09,9.783998338451441e-06,1.1613334846227435e-05,9.783998338451443e-06
full,2016-01-26,2019-01-15,2019-01-22,2019-02-12,0,2.9810457436005145e-06,9.942434379102759e-07,2.9810457436005145e-06,9.942434379102759e-07,2.773400833955958e-06,9.942434379102759e-07,4.679864305695131e-09,7.067899863390374e-06,4.679864305695131e-09,7.067899863390374e-06,1.1805087707391571e-05,7.0678998633903735e-06
full,2016-02-02,2019-01-22,2019-01-29,2019-02-19,0,2.9661227684464853e-06,1.0870397389433532e-06,2.9661227684464853e-06,1.0870397389433532e-06,2.7662276423686313e-06,1.0870397389433532e-06,8.215347300184514e-09,1.266779986406581e-06,8.215347300184514e-09,1.266779986406581e-06,1.1296553194174588e-05,1.266779986406581e-06
full,2016-02-09,2019-01-29,2019-02-05,2019-02-26,0,2.9575986066035233e-06,3.272010410161903e-07,2.9575986066035233e-06,3.272010410161903e-07,2.7615984077823207e-06,3.272010410161903e-07,7.623168737198465e-09,3.034935565210646e-06,7.623168737198465e-09,3.034935565210646e-06,1.1178770718753987e-05,3.034935565210646e-06
full,2016-02-16,2019-02-05,2019-02-12,2019-03-05,0,2.968995216653675e-06,1.6127482913558807e-07,2.968995216653675e-06,1.6127482913558807e-07,2.7760417627164267e-06,1.6127482913558807e-07,6.783723000720844e-09,2.0735468577760097e-05,6.783723000720844e-09,2.0735468577760097e-05,1.1132742443651193e-05,2.0735468577760097e-05
full,2016-02-23,2019-02-12,2019-02-19,2019-03-12,0,2.973557987146679e-06,3.5474959050424974e-07,2.973557987146679e-06,3.5474959050424974e-07,2.7784604125343636e-06,3.5474959050424974e-07,6.9046716778009084e-09,4.336720606032087e-05,6.9046716778009084e-09,4.336720606032087e-05,1.1068490474228013e-05,4.3367206060320865e-05
full,2016-03-01,2019-02-19,2019-02-26,2019-03-19,0,2.9633026804813545e-06,1.8162419945388122e-07,2.9633026804813545e-06,1.8162419945388122e-07,2.769940817378936e-06,1.8162419945388122e-07,1.5950508885008057e-09,2.3655557099667995e-05,1.5950508885008057e-09,2.3655557099667995e-05,1.1763056482768279e-05,2.3655557099667995e-05
full,2016-03-08,2019-02-26,2019-03-05,2019-03-26,0,2.9681212933580396e-06,1.7483559052176691e-06,2.9681212933580396e-06,1.7483559052176691e-06,2.7697141442441687e-06,1.7483559052176691e-06,1.7649957293615425e-09,0.0001180673721855278,1.7649957293615425e-09,0.0001180673721855278,1.138343330681738e-05,0.0001180673721855278
full,2016-03-15,2019-03-05,2019-03-12,2019-04-02,0,2.9550671223181166e-06,3.4523659541374317e-06,2.9550671223181166e-06,3.4523659541374317e-06,2.7621633905756423e-06,3.4523659541374317e-06,3.4064156868195947e-09,9.041584790713729e-05,3.4064156868195947e-09,9.041584790713729e-05,1.1555185804221591e-05,9.041584790713728e-05
full,2016-03-22,2019-03-12,2019-03-19,2019-04-09,0,2.9489512914672772e-06,3.58238892984509e-06,2.9489512914672772e-06,3.58238892984509e-06,2.7615646965928204e-06,3.58238892984509e-06,1.308745106378429e-06,3.768651092506475e-06,1.308745106378429e-06,3.768651092506475e-06,2.3256467619781413e-06,3.768651092506475e-06
full,2016-03-29,2019-03-19,2019-03-26,2019-04-16,0,2.93286480411548e-06,3.6871495701139414e-06,2.93286480411548e-06,3.6871495701139414e-06,2.7586604342393298e-06,3.6871495701139414e-06,8.420423661580163e-10,4.1792286500327805e-05,8.420423661580163e-10,4.1792286500327805e-05,1.1652316856131098e-05,4.1792286500327805e-05
full,2016-04-05,2019-03-26,2019-04-02,2019-04-23,0,2.980027501865558e-06,3.646335478605911e-06,2.980027501865558e-06,3.646335478605911e-06,2.7752050303541237e-06,3.646335478605911e-06,2.897972255074052e-08,1.7714438176332132e-05,2.897972255074052e-08,1.7714438176332132e-05,1.1618544426907707e-05,1.7714438176332132e-05
full,2016-04-12,2019-04-02,2019-04-09,2019-04-30,0,2.992250183940492e-06,2.6273366706711818e-06,2.992250183940492e-06,2.6273366706711818e-06,2.7829640298514093e-06,2.6273366706711818e-06,2.845366912844245e-08,2.530773999797896e-05,2.845366912844245e-08,2.530773999797896e-05,1.1849277844383608e-05,2.530773999797896e-05
full,2016-04-19,2019-04-09,2019-04-16,2019-05-07,0,2.9467710533526895e-06,2.517982920081561e-06,2.9467710533526895e-06,2.517982920081561e-06,2.766172247239017e-06,2.517982920081561e-06,1.6566758089530884e-08,1.1960622350968566e-05,1.6566758089530884e-08,1.1960622350968566e-05,1.2322643648150005e-05,1.1960622350968566e-05
full,2016-04-26,2019-04-16,2019-04-23,2019-05-14,0,2.9508902968240686e-06,1.2592807575749833e-06,2.9508902968240686e-06,1.2592807575749833e-06,2.7666421263770563e-06,1.2592807575749833e-06,1.3779250124856007e-06,2.674475741458789e-06,1.3779250124856007e-06,2.674475741458789e-06,2.3373959333757424e-06,2.674475741458789e-06
full,2016-05-03,2019-04-23,2019-04-30,2019-05-21,0,2.9711531940491464e-06,1.0330013832534682e-06,2.9711531940491464e-06,1.0330013832534682e-06,2.7742706969381676e-06,1.0330013832534682e-06,1.3953641728346322e-06,2.5847040088800886e-06,1.3953641728346322e-06,2.5847040088800886e-06,2.3492405438212913e-06,2.5847040088800886e-06
full,2016-05-10,2019-04-30,2019-05-07,2019-05-28,0,2.902794812555848e-06,2.7015714420370983e-07,2.902794812555848e-06,2.7015714420370983e-07,2.745778768673566e-06,2.7015714420370983e-07,1.6046624868300473e-08,1.4340856383423875e-05,1.6046624868300473e-08,1.4340856383423875e-05,1.2302485388984457e-05,1.4340856383423875e-05
full,2016-05-17,2019-05-07,2019-05-14,2019-06-04,0,2.8988216492296787e-06,8.739036027037809e-07,2.8988216492296787e-06,8.739036027037809e-07,2.7470984723526853e-06,8.739036027037809e-07,2.075012524343983e-08,6.225764129926133e-06,2.075012524343983e-08,6.225764129926133e-06,1.1139473793227638e-05,6.225764129926133e-06
full,2016-05-24,2019-05-14,2019-05-21,2019-06-11,0,2.9243849186654736e-06,9.91184399411218e-07,2.9243849186654736e-06,9.91184399411218e-07,2.7576847314449088e-06,9.91184399411218e-07,1.3926615084528555e-06,1.0804709299771826e-07,1.3926615084528555e-06,1.0804709299771826e-07,2.3396886085986977e-06,1.0804709299771826e-07
full,2016-05-31,2019-05-21,2019-05-28,2019-06-18,0,2.9328073918765134e-06,2.0455198912717498e-06,2.9328073918765134e-06,2.0455198912717498e-06,2.759286228525232e-06,2.0455198912717498e-06,1.407703133582659e-06,6.712418166247726e-07,1.407703133582659e-06,6.712418166247726e-07,2.3445877589007427e-06,6.712418166247726e-07
full,2016-06-07,2019-05-28,2019-06-04,2019-06-25,0,2.938379181174579e-06,4.009235755894959e-06,2.938379181174579e-06,4.009235755894959e-06,2.7585481889475315e-06,4.009235755894959e-06,1.4144487964127208e-06,2.505786488947579e-06,1.4144487964127208e-06,2.505786488947579e-06,2.3520155977284503e-06,2.505786488947579e-06
full,2016-06-14,2019-06-04,2019-06-11,2019-07-02,0,2.9986983379476503e-06,4.280901895016686e-06,2.9986983379476503e-06,4.280901895016686e-06,2.7778151829103547e-06,4.280901895016686e-06,1.4171433751651111e-06,2.1205462615969887e-06,1.4171433751651111e-06,2.1205462615969887e-06,2.3672027987183146e-06,2.1205462615969887e-06
full,2016-06-21,2019-06-11,2019-06-18,2019-07-09,0,3.0051345501560934e-06,6.877111697871153e-06,3.0051345501560934e-06,6.877111697871153e-06,2.7817528437193626e-06,6.877111697871153e-06,1.362190337440786e-06,3.1920858697175756e-06,1.362190337440786e-06,3.1920858697175756e-06,2.350689071415644e-06,3.1920858697175756e-06
full,2016-06-28,2019-06-18,2019-06-25,2019-07-16,0,3.0044172790443016e-06,7.822056940771267e-06,3.0044172790443016e-06,7.822056940771267e-06,2.7794005090146783e-06,7.822056940771267e-06,1.3586824574058605e-06,4.664723516434279e-06,1.3586824574058605e-06,4.664723516434279e-06,2.3570995291099027e-06,4.6647235164342795e-06
full,2016-07-05,2019-06-25,2019-07-02,2019-07-23,0,2.993564818975049e-06,7.863964131453841e-06,2.993564818975049e-06,7.863964131453841e-06,2.7749498634610185e-06,7.863964131453841e-06,1.3481892912122032e-06,5.716358694577572e-06,1.3481892912122032e-06,5.716358694577572e-06,2.3492988494156213e-06,5.716358694577572e-06
full,2016-07-12,2019-07-02,2019-07-09,2019-07-30,0,3.02353098824823e-06,9.855209999497366e-06,3.02353098824823e-06,9.855209999497366e-06,2.787595445524901e-06,9.855209999497366e-06,1.3428214774662761e-06,9.398291600462869e-06,1.3428214774662761e-06,9.398291600462869e-06,2.3471689735961098e-06,9.398291600462869e-06
full,2016-07-19,2019-07-09,2019-07-16,2019-08-06,0,3.1094738340344084e-06,4.793195281187613e-06,3.1094738340344084e-06,4.793195281187613e-06,2.8152777532498807e-06,4.793195281187613e-06,1.3491019909823509e-06,6.13508863494662e-06,1.3491019909823509e-06,6.13508863494662e-06,2.364729723733642e-06,6.13508863494662e-06
full,2016-07-26,2019-07-16,2019-07-23,2019-08-13,0,3.114620619828661e-06,2.193106691356358e-06,3.114620619828661e-06,2.193106691356358e-06,2.816107233343151e-06,2.193106691356358e-06,1.3704027114096108e-06,1.8677845096956927e-06,1.3704027114096108e-06,1.8677845096956927e-06,2.382854918349151e-06,1.8677845096956927e-06
full,2016-08-02,2019-07-23,2019-07-30,2019-08-20,0,3.1147570866837883e-06,4.0956743519672805e-06,3.1147570866837883e-06,4.0956743519672805e-06,2.8233849310026326e-06,4.0956743519672805e-06,1.3767947383032252e-06,3.6383751661213456e-06,1.3767947383032252e-06,3.6383751661213456e-06,2.377516319577664e-06,3.6383751661213456e-06
full,2016-08-09,2019-07-30,2019-08-06,2019-08-27,0,3.1812424177303272e-06,9.628865051642988e-07,3.1812424177303272e-06,9.628865051642988e-07,2.8512269657716836e-06,9.628865051642988e-07,1.403505837769159e-06,8.230652077035898e-07,1.403505837769159e-06,8.230652077035898e-07,2.394248410697158e-06,8.230652077035898e-07
full,2016-08-16,2019-08-06,2019-08-13,2019-09-03,0,3.167940695186628e-06,1.1511911385499174e-06,3.167940695186628e-06,1.1511911385499174e-06,2.8438311224340347e-06,1.1511911385499174e-06,1.4080649649131992e-06,1.430053391342108e-06,1.4080649649131992e-06,1.430053391342108e-06,2.402566469750432e-06,1.430053391342108e-06
full,2016-08-23,2019-08-13,2019-08-20,2019-09-10,0,3.142300799562756e-06,2.951228651641398e-06,3.142300799562756e-06,2.951228651641398e-06,2.8316289952019085e-06,2.9512286516413976e-06,1.4121291564195404e-06,3.3502176875094925e-06,1.4121291564195404e-06,3.3502176875094925e-06,2.4042642855089837e-06,3.3502176875094925e-06
full,2016-08-30,2019-08-20,2019-08-27,2019-09-17,0,3.154274165075546e-06,3.243962174038846e-06,3.154274165075546e-06,3.243962174038846e-06,2.8361119420558578e-06,3.2439621740388458e-06,1.4145845833918225e-06,3.0878484704159827e-06,1.4145845833918225e-06,3.0878484704159827e-06,2.4079380259285205e-06,3.0878484704159827e-06
full,2016-09-06,2019-08-27,2019-09-03,2019-09-24,0,3.15851044285359e-06,3.328510341091675e-06,3.15851044285359e-06,3.328510341091675e-06,2.8405304657276365e-06,3.328510341091675e-06,1.4117579427361907e-06,3.6601092648759545e-06,1.4117579427361907e-06,3.6601092648759545e-06,2.4054843808778376e-06,3.6601092648759545e-06
full,2016-09-13,2019-09-03,2019-09-10,2019-10-01,0,3.1878241779988616e-06,1.1911507519151345e-06,3.1878241779988616e-06,1.1911507519151345e-06,2.8520082365131226e-06,1.1911507519151343e-06,1.4224829362508012e-06,2.051844855734749e-06,1.4224829362508012e-06,2.051844855734749e-06,2.4095646364753204e-06,2.051844855734749e-06
full,2016-09-20,2019-09-10,2019-09-17,2019-10-08,0,3.1860562369817975e-06,9.778166481534284e-07,3.1860562369817975e-06,9.778166481534284e-07,2.8518859886906717e-06,9.778166481534284e-07,1.4378396925772623e-06,1.835244550533773e-06,1.4378396925772623e-06,1.835244550533773e-06,2.4180362656406438e-06,1.835244550533773e-06
full,2016-09-27,2019-09-17,2019-09-24,2019-10-15,0,3.182055653764281e-06,3.0451466154426925e-06,3.182055653764281e-06,3.0451466154426925e-06,2.8565386944982117e-06,3.0451466154426925e-06,1.4167187961980693e-06,3.8521435902156545e-06,1.4167187961980693e-06,3.8521435902156545e-06,2.4041006790485545e-06,3.8521435902156545e-06
full,2016-10-04,2019-09-24,2019-10-01,2019-10-22,0,3.1872847163430322e-06,3.045970235302883e-06,3.1872847163430322e-06,3.045970235302883e-06,2.860166064037342e-06,3.045970235302883e-06,1.4228120385799577e-06,3.6723884374899587e-06,1.4228120385799577e-06,3.6723884374899587e-06,2.4096486207437656e-06,3.6723884374899587e-06
full,2016-10-11,2019-10-01,2019-10-08,2019-10-29,0,3.185226099692377e-06,3.163304406463467e-06,3.185226099692377e-06,3.163304406463467e-06,2.85116353527503e-06,3.163304406463467e-06,1.4162489617475489e-06,3.94638849783072e-06,1.4162489617475489e-06,3.94638849783072e-06,2.4195507717295054e-06,3.94638849783072e-06
full,2016-10-18,2019-10-08,2019-10-15,2019-11-05,0,3.1509909901735872e-06,2.241919791088757e-06,3.1509909901735872e-06,2.241919791088757e-06,2.8354178241821606e-06,2.241919791088757e-06,1.4236591751912823e-06,2.963423713948615e-06,1.4236591751912823e-06,2.963423713948615e-06,2.4212622179489307e-06,2.9634237139486153e-06
full,2016-10-25,2019-10-15,2019-10-22,2019-11-12,0,3.208521121507553e-06,1.7371839106791334e-06,3.208521121507553e-06,1.7371839106791334e-06,2.8553273613630045e-06,1.7371839106791334e-06,1.4451243033423499e-06,4.208139561592375e-06,1.4451243033423499e-06,4.208139561592375e-06,2.438718256360783e-06,4.208139561592375e-06
full,2016-11-01,2019-10-22,2019-10-29,2019-11-19,0,3.1332590878030813e-06,1.7365215710337863e-06,3.1332590878030813e-06,1.7365215710337863e-06,2.8259965810876187e-06,1.7365215710337863e-06,1.4520476060253e-06,3.704698516514581e-06,1.4520476060253e-06,3.704698516514581e-06,2.431432567306543e-06,3.704698516514581e-06
full,2016-11-08,2019-10-29,2019-11-05,2019-11-26,0,3.133036021214072e-06,1.8001223898347526e-06,3.133036021214072e-06,1.8001223898347526e-06,2.8274997618597883e-06,1.8001223898347526e-06,1.4636659781963165e-06,4.679493142886733e-06,1.4636659781963165e-06,4.679493142886733e-06,2.4256746007917366e-06,4.679493142886733e-06
full,2016-11-15,2019-11-05,2019-11-12,2019-12-03,0,3.16298921090629e-06,3.674418953680396e-07,3.16298921090629e-06,3.674418953680396e-07,2.841719156158356e-06,3.674418953680396e-07,1.5458219975918102e-06,1.1712057541800805e-06,1.5458219975918102e-06,1.1712057541800805e-06,2.4536636881792253e-06,1.1712057541800805e-06
full,2016-11-22,2019-11-12,2019-11-19,2019-12-10,0,3.1599962153914687e-06,4.2395897506516524e-07,3.1599962153914687e-06,4.2395897506516524e-07,2.8398136149400003e-06,4.2395897506516524e-07,1.5301763789630685e-06,1.6372268250929667e-06,1.5301763789630685e-06,1.6372268250929667e-06,2.45199696392865e-06,1.6372268250929667e-06
full,2016-11-29,2019-11-19,2019-11-26,2019-12-17,0,3.1493602977133412e-06,1.834227917398495e-06,3.1493602977133412e-06,1.834227917398495e-06,2.845572456950821e-06,1.834227917398495e-06,1.5335820961064376e-06,1.9224840390777356e-06,1.5335820961064376e-06,1.9224840390777356e-06,2.428899767491153e-06,1.9224840390777356e-06
full,2016-12-06,2019-11-26,2019-12-03,2019-12-24,0,3.1303567754087588e-06,1.6170848411022402e-06,3.1303567754087588e-06,1.6170848411022402e-06,2.829249676450271e-06,1.6170848411022402e-06,1.5305696115416452e-06,1.545133242994481e-06,1.5305696115416452e-06,1.545133242994481e-06,2.445027962861926e-06,1.545133242994481e-06
full,2016-12-13,2019-12-03,2019-12-10,2019-12-31,0,3.125338057427606e-06,3.302559341510034e-06,3.125338057427606e-06,3.302559341510034e-06,2.82960279209595e-06,3.302559341510034e-06,1.5228920537350786e-06,4.214238629315892e-06,1.5228920537350786e-06,4.214238629315892e-06,2.4446281721204443e-06,4.214238629315892e-06
full,2016-12-20,2019-12-10,2019-12-17,2020-01-07,0,3.0965813697316444e-06,7.69595328410478e-06,3.0965813697316444e-06,7.69595328410478e-06,2.8180790468462056e-06,7.69595328410478e-06,1.5238766801106503e-06,6.485406122261081e-06,1.5238766801106503e-06,6.485406122261081e-06,2.439460177795299e-06,6.485406122261081e-06
full,2016-12-27,2019-12-17,2019-12-24,2020-01-14,0,3.125924388902029e-06,3.2244535744843387e-06,3.125924388902029e-06,3.2244535744843387e-06,2.8230885994450226e-06,3.2244535744843387e-06,1.541275851661125e-06,2.717538939922544e-06,1.541275851661125e-06,2.717538939922544e-06,2.458255804648927e-06,2.717538939922544e-06
full,2017-01-03,2019-12-24,2019-12-31,2020-01-21,0,3.120887678263032e-06,1.4836456949004348e-06,3.120887678263032e-06,1.4836456949004348e-06,2.8230535615468992e-06,1.4836456949004348e-06,1.537875792147554e-06,6.662705338545288e-07,1.537875792147554e-06,6.662705338545288e-07,2.4576447291411957e-06,6.662705338545288e-07
full,2017-01-10,2019-12-31,2020-01-07,2020-01-28,0,3.0945012508222706e-06,2.371884794081549e-06,3.0945012508222706e-06,2.371884794081549e-06,2.810492392552133e-06,2.371884794081549e-06,1.4958671778131395e-06,1.5072620754769896e-06,1.4958671778131395e-06,1.5072620754769896e-06,2.440935398902647e-06,1.5072620754769896e-06
full,2017-01-17,2020-01-07,2020-01-14,2020-02-04,0,3.140230422279751e-06,5.769558932407266e-07,3.140230422279751e-06,5.769558932407266e-07,2.8267281674467156e-06,5.769558932407268e-07,1.493891795775405e-06,5.21134828370943e-07,1.493891795775405e-06,5.21134828370943e-07,2.4457511517417437e-06,5.21134828370943e-07
full,2017-01-24,2020-01-14,2020-01-21,2020-02-11,0,3.134709521638979e-06,1.3737807386090592e-07,3.134709521638979e-06,1.3737807386090592e-07,2.8264563592028446e-06,1.3737807386090592e-07,1.4977990355519212e-06,1.738460877839925e-06,1.4977990355519212e-06,1.738460877839925e-06,2.4388291353506714e-06,1.738460877839925e-06
full,2017-01-31,2020-01-21,2020-01-28,2020-02-18,0,3.1265615976844066e-06,1.7400299563846469e-06,3.1265615976844066e-06,1.7400299563846469e-06,2.8247810939159827e-06,1.7400299563846469e-06,1.4985387993913461e-06,1.922590954029739e-06,1.4985387993913461e-06,1.922590954029739e-06,2.4379681503341038e-06,1.922590954029739e-06
full,2017-02-07,2020-01-28,2020-02-04,2020-02-25,0,3.004765593798689e-06,3.3580122152109385e-06,3.004765593798689e-06,3.3580122152109385e-06,2.779847083359361e-06,3.3580122152109385e-06,1.4583805744940878e-06,2.549179586749437e-06,1.4583805744940878e-06,2.549179586749437e-06,2.4206642223761584e-06,2.549179586749437e-06
full,2017-02-14,2020-02-04,2020-02-11,2020-03-03,0,3.0006887980680897e-06,4.246528173390969e-06,3.0006887980680897e-06,4.246528173390969e-06,2.7806632256306417e-06,4.246528173390968e-06,1.4520758111358362e-06,3.1192034486376836e-06,1.4520758111358362e-06,3.1192034486376836e-06,2.4215324307063464e-06,3.1192034486376836e-06
full,2017-02-21,2020-02-11,2020-02-18,2020-03-10,0,3.001315121476071e-06,4.78601188764872e-06,3.001315121476071e-06,4.78601188764872e-06,2.780886406166781e-06,4.78601188764872e-06,1.4705959947761766e-06,3.2399332057650378e-06,1.4705959947761766e-06,3.2399332057650378e-06,2.4257595947803497e-06,3.2399332057650378e-06
full,2017-02-28,2020-02-18,2020-02-25,2020-03-17,0,3.0394444887469887e-06,2.812717585343813e-06,3.0394444887469887e-06,2.812717585343813e-06,2.797720822946726e-06,2.812717585343813e-06,1.4779257298768145e-06,1.7348385568882519e-06,1.4779257298768145e-06,1.7348385568882519e-06,2.4298313616280785e-06,1.7348385568882519e-06
full,2017-03-07,2020-02-25,2020-03-03,2020-03-24,0,3.054844171164963e-06,2.4005770078608697e-06,3.054844171164963e-06,2.4005770078608697e-06,2.8040418908802213e-06,2.40057700786087e-06,1.4780358358345436e-06,1.4821894135241578e-06,1.4780358358345436e-06,1.4821894135241578e-06,2.4336576291492205e-06,1.4821894135241578e-06
full,2017-03-14,2020-03-03,2020-03-10,2020-03-31,0,3.0716226583854756e-06,1.920377638487399e-06,3.0716226583854756e-06,1.920377638487399e-06,2.8094108121034994e-06,1.920377638487399e-06,1.4677332361307292e-06,9.964240609921762e-07,1.4677332361307292e-06,9.964240609921762e-07,2.4339914405726394e-06,9.964240609921762e-07
full,2017-03-21,2020-03-10,2020-03-17,2020-04-07,0,2.9822429097482135e-06,1.4881427023590298e-06,2.9822429097482135e-06,1.4881427023590298e-06,2.7766858020065213e-06,1.4881427023590298e-06,1.4262436228022476e-06,8.630976287940406e-07,1.4262436228022476e-06,8.630976287940406e-07,2.4176309932893884e-06,8.630976287940406e-07
full,2017-03-28,2020-03-17,2020-03-24,2020-04-14,0,2.9695718235522645e-06,1.6708544077212882e-06,2.9695718235522645e-06,1.6708544077212882e-06,2.7675199291734875e-06,1.6708544077212882e-06,1.4196084559286274e-06,1.6189627358752276e-06,1.4196084559286274e-06,1.6189627358752276e-06,2.4193792717359572e-06,1.6189627358752276e-06
full,2017-04-04,2020-03-24,2020-03-31,2020-04-21,0,2.980312648957071e-06,1.3428984499785027e-06,2.980312648957071e-06,1.3428984499785027e-06,2.7714362150052533e-06,1.3428984499785027e-06,1.4186103398154928e-06,1.4851316083723303e-06,1.4186103398154928e-06,1.4851316083723303e-06,2.41876455734462e-06,1.4851316083723303e-06
full,2017-04-11,2020-03-31,2020-04-07,2020-04-28,0,2.990663011693525e-06,2.7577165354094415e-07,2.990663011693525e-06,2.7577165354094415e-07,2.7761458896980868e-06,2.7577165354094425e-07,1.42283146672084e-06,1.698592698203517e-07,1.42283146672084e-06,1.698592698203517e-07,2.423944047144911e-06,1.698592698203517e-07
full,2017-04-18,2020-04-07,2020-04-14,2020-05-05,0,2.9136657280460137e-06,9.038753008139548e-08,2.9136657280460137e-06,9.038753008139548e-08,2.747263456815079e-06,9.038753008139552e-08,1.415441225674898e-06,7.44105135062514e-08,1.415441225674898e-06,7.44105135062514e-08,2.4135827096142297e-06,7.441051350625143e-08
full,2017-04-25,2020-04-14,2020-04-21,2020-05-12,0,2.9222128438682925e-06,5.857798156122524e-07,2.9222128438682925e-06,5.857798156122524e-07,2.7491174540589116e-06,5.857798156122524e-07,1.4226900477618443e-06,9.950092661881118e-07,1.4226900477618443e-06,9.950092661881118e-07,2.412617801833695e-06,9.95009266188112e-07
full,2017-05-02,2020-04-21,2020-04-28,2020-05-19,0,2.9184879179354024e-06,1.3046846855365429e-06,2.9184879179354024e-06,1.3046846855365429e-06,2.7475903342336062e-06,1.3046846855365429e-06,1.4262670044328221e-06,2.2649566757563284e-06,1.4262670044328221e-06,2.2649566757563284e-06,2.4107821012138284e-06,2.2649566757563284e-06
full,2017-05-09,2020-04-28,2020-05-05,2020-05-26,0,2.9312226517153215e-06,1.581997628960502e-06,2.9312226517153215e-06,1.581997628960502e-06,2.7534462400294554e-06,1.581997628960502e-06,1.4180867387697594e-06,2.5990772997905347e-06,1.4180867387697594e-06,2.5990772997905347e-06,2.4133891282225427e-06,2.5990772997905347e-06
full,2017-05-16,2020-05-05,2020-05-12,2020-06-02,0,2.9503146416149485e-06,2.84146503474371e-06,2.9503146416149485e-06,2.84146503474371e-06,2.7521727794076856e-06,2.84146503474371e-06,1.415481670347616e-06,3.0057034861106517e-06,1.415481670347616e-06,3.0057034861106517e-06,2.4292905884491197e-06,3.0057034861106517e-06
full,2017-05-23,2020-05-12,2020-05-19,2020-06-09,0,2.970487895855711e-06,1.6283289317116817e-06,2.970487895855711e-06,1.6283289317116817e-06,2.7609254870304474e-06,1.6283289317116817e-06,1.4113041970349412e-06,6.137741231723041e-07,1.4113041970349412e-06,6.137741231723041e-07,2.4297555673133517e-06,6.137741231723041e-07
full,2017-05-30,2020-05-19,2020-05-26,2020-06-16,0,2.945756922717216e-06,1.4240713659487375e-06,2.945756922717216e-06,1.4240713659487375e-06,2.75659338135585e-06,1.4240713659487375e-06,1.4172918530890625e-06,7.232606440438961e-07,1.4172918530890625e-06,7.232606440438961e-07,2.4186064258662842e-06,7.232606440438961e-07
full,2017-06-06,2020-05-26,2020-06-02,2020-06-23,0,2.927601706061847e-06,6.307983775129882e-07,2.927601706061847e-06,6.307983775129882e-07,2.7532950032921427e-06,6.307983775129882e-07,1.4194704439659292e-06,7.818802149206724e-07,1.4194704439659292e-06,7.818802149206724e-07,2.4078923381787093e-06,7.818802149206724e-07
full,2017-06-13,2020-06-02,2020-06-09,2020-06-30,0,2.8805406338740835e-06,1.102712285456047e-06,2.8805406338740835e-06,1.102712285456047e-06,2.732351465716966e-06,1.102712285456047e-06,1.3893568159929322e-06,1.2806440173970534e-06,1.3893568159929322e-06,1.2806440173970534e-06,2.4004903204927578e-06,1.2806440173970534e-06
full,2017-06-20,2020-06-09,2020-06-16,2020-07-07,0,2.910140934533503e-06,1.4891062765472612e-06,2.910140934533503e-06,1.4891062765472612e-06,2.743521288077244e-06,1.4891062765472612e-06,1.37693890648856e-06,2.7798165505279723e-06,1.37693890648856e-06,2.7798165505279723e-06,2.415073069965175e-06,2.7798165505279723e-06
full,2017-06-27,2020-06-16,2020-06-23,2020-07-14,0,2.905234287646637e-06,1.4995927633951384e-06,2.905234287646637e-06,1.4995927633951384e-06,2.7421419899404803e-06,1.4995927633951384e-06,1.375419083073499e-06,2.819160839491926e-06,1.375419083073499e-06,2.819160839491926e-06,2.4187209666541134e-06,2.819160839491926e-06
full,2017-07-04,2020-06-23,2020-06-30,2020-07-21,0,2.9084285987195483e-06,1.4912364012706014e-06,2.9084285987195483e-06,1.4912364012706014e-06,2.7521438245661704e-06,1.4912364012706014e-06,1.3770416168391925e-06,2.833889810391525e-06,1.3770416168391925e-06,2.833889810391525e-06,2.3959861430506863e-06,2.833889810391525e-06
full,2017-07-11,2020-06-30,2020-07-07,2020-07-28,0,2.8978452624062307e-06,1.5870106505077407e-06,2.8978452624062307e-06,1.5870106505077407e-06,2.7466168762851654e-06,1.5870106505077407e-06,1.3703017024444728e-06,2.7496186600976843e-06,1.3703017024444728e-06,2.7496186600976843e-06,2.4030976488646405e-06,2.7496186600976843e-06
full,2017-07-18,2020-07-07,2020-07-14,2020-08-04,0,2.9186033306348727e-06,1.6627669553949927e-07,2.9186033306348727e-06,1.6627669553949927e-07,2.7535620992932386e-06,1.6627669553949935e-07,1.4051888046197784e-06,3.040443080099599e-07,1.4051888046197784e-06,3.040443080099599e-07,2.412192266232217e-06,3.040443080099599e-07
full,2017-07-25,2020-07-14,2020-07-21,2020-08-11,0,2.9181170765807433e-06,5.563115977472657e-07,2.9181170765807433e-06,5.563115977472657e-07,2.753981794612713e-06,5.563115977472658e-07,1.4045971026367154e-06,4.708776156370385e-07,1.4045971026367154e-06,4.708776156370385e-07,2.4106105669878978e-06,4.708776156370386e-07
full,2017-08-01,2020-07-21,2020-07-28,2020-08-18,0,2.919662125363072e-06,3.8638065531025736e-07,2.919662125363072e-06,3.8638065531025736e-07,2.7561141797581305e-06,3.863806553102574e-07,1.401737199365217e-06,4.1807549262110835e-07,1.401737199365217e-06,4.1807549262110835e-07,2.4063945928828885e-06,4.1807549262110835e-07
full,2017-08-08,2020-07-28,2020-08-04,2020-08-25,0,2.9137734794874446e-06,3.064288014060985e-06,2.9137734794874446e-06,3.064288014060985e-06,2.7536004268063765e-06,3.064288014060985e-06,1.3920642573867879e-06,3.3945645881141296e-06,1.3920642573867879e-06,3.3945645881141296e-06,2.4018971561752635e-06,3.3945645881141296e-06
full,2017-08-15,2020-08-04,2020-08-11,2020-09-01,0,2.7728856840420606e-06,4.944780805610802e-06,2.7728856840420606e-06,4.944780805610802e-06,2.7000927219834874e-06,4.944780805610802e-06,1.3042090906172603e-06,5.593310799975022e-06,1.3042090906172603e-06,5.593310799975022e-06,2.3693519211639743e-06,5.593310799975022e-06
full,2017-08-22,2020-08-11,2020-08-18,2020-09-08,0,2.7587041697662905e-06,3.0769260965230436e-06,2.7587041697662905e-06,3.0769260965230436e-06,2.6971183463256527e-06,3.0769260965230436e-06,1.300618961536802e-06,4.27862674021698e-06,1.300618961536802e-06,4.27862674021698e-06,2.3788760643741148e-06,4.27862674021698e-06
full,2017-08-29,2020-08-18,2020-08-25,2020-09-15,0,2.74586269021759e-06,1.937437406277074e-06,2.74586269021759e-06,1.937437406277074e-06,2.6913212183182617e-06,1.937437406277074e-06,1.3003242514531269e-06,3.272986115088683e-06,1.3003242514531269e-06,3.272986115088683e-06,2.3900128013010653e-06,3.272986115088683e-06
full,2017-09-05,2020-08-25,2020-09-01,2020-09-22,0,2.810764952325584e-06,1.6623816726747212e-06,2.810764952325584e-06,1.6623816726747212e-06,2.715964977207159e-06,1.6623816726747212e-06,1.3328201566573514e-06,3.837410841160126e-06,1.3328201566573514e-06,3.837410841160126e-06,2.4158235958961934e-06,3.837410841160126e-06
full,2017-09-12,2020-09-01,2020-09-08,2020-09-29,0,2.8881643343699587e-06,2.1356284942842087e-07,2.8881643343699587e-06,2.1356284942842087e-07,2.732712852183257e-06,2.1356284942842087e-07,1.3921830466397757e-06,7.108164737101045e-07,1.3921830466397757e-06,7.108164737101045e-07,2.4556048282915225e-06,7.108164737101045e-07
full,2017-09-19,2020-09-08,2020-09-15,2020-10-06,0,2.8860004846707396e-06,8.415248740629673e-07,2.8860004846707396e-06,8.415248740629673e-07,2.7326124055307313e-06,8.415248740629673e-07,1.3920694457586902e-06,1.30230140473434e-06,1.3920694457586902e-06,1.30230140473434e-06,2.4593737967843393e-06,1.30230140473434e-06
full,2017-09-26,2020-09-15,2020-09-22,2020-10-13,0,2.894516957873892e-06,8.950570050105905e-07,2.894516957873892e-06,8.950570050105905e-07,2.7363397370596608e-06,8.950570050105905e-07,1.3984376730044636e-06,5.984997427984606e-07,1.3984376730044636e-06,5.984997427984606e-07,2.4578185473533064e-06,5.984997427984606e-07
full,2017-10-03,2020-09-22,2020-09-29,2020-10-20,0,2.8698966586035108e-06,4.209072980664074e-06,2.8698966586035108e-06,4.209072980664074e-06,2.7293600677295136e-06,4.209072980664074e-06,1.3739745567520294e-06,2.232996723374202e-06,1.3739745567520294e-06,2.232996723374202e-06,2.4513898333507087e-06,2.232996723374202e-06
full,2017-10-10,2020-09-29,2020-10-06,2020-10-27,0,2.867751158836808e-06,4.2457595060935255e-06,2.867751158836808e-06,4.2457595060935255e-06,2.7263620732949375e-06,4.2457595060935255e-06,1.3751020249990393e-06,2.113317173895751e-06,1.3751020249990393e-06,2.113317173895751e-06,2.456489624191097e-06,2.113317173895751e-06
full,2017-10-17,2020-10-06,2020-10-13,2020-11-03,0,2.8242609265425713e-06,4.087875015242569e-06,2.8242609265425713e-06,4.087875015242569e-06,2.713854549805177e-06,4.087875015242569e-06,1.365511753860364e-06,2.714698331624161e-06,1.365511753860364e-06,2.714698331624161e-06,2.456313912638086e-06,2.714698331624161e-06
full,2017-10-24,2020-10-13,2020-10-20,2020-11-10,0,2.827103270246244e-06,4.320306529692606e-06,2.827103270246244e-06,4.320306529692606e-06,2.712104960673348e-06,4.320306529692606e-06,1.362374434457944e-06,3.1105201269066264e-06,1.362374434457944e-06,3.1105201269066264e-06,2.4496847708964735e-06,3.1105201269066264e-06
full,2017-10-31,2020-10-20,2020-10-27,2020-11-17,0,2.9021677771983864e-06,2.3969442451114617e-06,2.9021677771983864e-06,2.3969442451114617e-06,2.735826406468733e-06,2.3969442451114617e-06,1.3525196506989403e-06,3.5128621738072315e-06,1.3525196506989403e-06,3.5128621738072315e-06,2.4562054169843383e-06,3.5128621738072315e-06
full,2017-11-07,2020-10-27,2020-11-03,2020-11-24,0,2.87815716598987e-06,2.752958315246278e-06,2.87815716598987e-06,2.752958315246278e-06,2.727564106987597e-06,2.752958315246278e-06,1.3046094327269225e-06,4.103149186059104e-06,1.3046094327269225e-06,4.103149186059104e-06,2.4398582452146815e-06,4.103149186059104e-06
full,2017-11-14,2020-11-03,2020-11-10,2020-12-01,0,2.9084472173336383e-06,1.3011714471234659e-06,2.9084472173336383e-06,1.3011714471234659e-06,2.7336764192760306e-06,1.3011714471234659e-06,1.3369675544569826e-06,1.767833723525557e-06,1.3369675544569826e-06,1.767833723525557e-06,2.46780731872347e-06,1.767833723525557e-06
full,2017-11-21,2020-11-10,2020-11-17,2020-12-08,0,2.9127808168791543e-06,5.501147151256286e-06,2.9127808168791543e-06,5.501147151256286e-06,2.734635418459703e-06,5.501147151256286e-06,1.3421999501524143e-06,5.173989027123698e-06,1.3421999501524143e-06,5.173989027123698e-06,2.462549861851973e-06,5.173989027123698e-06
full,2017-11-28,2020-11-17,2020-11-24,2020-12-15,0,2.9116048802610387e-06,4.264296070643145e-06,2.9116048802610387e-06,4.264296070643145e-06,2.734074784070771e-06,4.264296070643145e-06,1.3197726744941135e-06,4.562857625902479e-06,1.3197726744941135e-06,4.562857625902479e-06,2.464534476446178e-06,4.562857625902479e-06
full,2017-12-05,2020-11-24,2020-12-01,2020-12-22,0,2.9207319791350072e-06,4.4403825551835785e-06,2.9207319791350072e-06,4.4403825551835785e-06,2.7373326559222846e-06,4.4403825551835785e-06,1.3363900378860687e-06,6.447349022388791e-06,1.3363900378860687e-06,6.447349022388791e-06,2.469283481171446e-06,6.447349022388791e-06
