label,fit_start,fit_end,hold_start,hold_end,n_detections,top_lambda_hat,top_mu_hat,top_a0,top_a1,top_stability_margin,top_z_plus,top_threshold_main,top_off_component_ratio,top_component_sigma1,top_component_sigma2,top_sigma1_eigval,eq_aliased_forecast,eq_aliased_realized,eq_dealiased_forecast,eq_dealiased_realized,eq_ledoitwolf_forecast,eq_ledoitwolf_realized,eq_scm_forecast,eq_scm_realized
full,2015-01-06,2018-08-07,2018-08-14,2018-09-11,0,,,,,,,,,,,0.0007183499248864746,0.00034874211757964814,9.414278924756435e-05,0.00034874211757964814,9.414278924756435e-05,0.0003162492175000737,9.414278924756435e-05,0.0003487421175796482,9.414278924756435e-05
full,2015-01-20,2018-08-14,2018-08-21,2018-09-18,0,,,,,,,,,,,0.0007240681027326249,0.00034958728736587366,4.683867680921808e-05,0.00034958728736587366,4.683867680921808e-05,0.000317054825548649,4.683867680921808e-05,0.0003495872873658737,4.683867680921808e-05
full,2015-01-27,2018-08-21,2018-09-04,2018-09-25,0,,,,,,,,,,,0.0007224029391406208,0.00034765064610212267,1.0219826437760259e-05,0.00034765064610212267,1.0219826437760259e-05,0.0003151181099790185,1.0219826437760259e-05,0.00034765064610212267,1.0219826437760259e-05
full,2015-02-03,2018-09-04,2018-09-11,2018-10-02,0,,,,,,,,,,,0.0007350278979003683,0.0003464553400653621,4.2384285849295154e-05,0.0003464553400653621,4.2384285849295154e-05,0.00031396329007559245,4.2384285849295154e-05,0.0003464553400653621,4.2384285849295154e-05
full,2015-02-17,2018-09-11,2018-09-18,2018-10-09,0,,,,,,,,,,,0.0007305335884266481,0.00034535355808202445,0.00023834371968506528,0.00034535355808202445,0.00023834371968506528,0.0003127557058256377,0.00023834371968506528,0.00034535355808202445,0.00023834371968506528
full,2015-02-24,2018-09-18,2018-09-25,2018-10-16,0,,,,,,,,,,,0.0007274182639532105,0.000345425283062804,0.00021523295481551595,0.000345425283062804,0.00021523295481551595,0.00031283981211280645,0.00021523295481551595,0.000345425283062804,0.00021523295481551595
full,2015-03-03,2018-09-25,2018-10-02,2018-10-23,0,,,,,,,,,,,0.0007298173301987679,0.0003462377591461776,0.00023452914972655527,0.0003462377591461776,0.00023452914972655527,0.00031371716235907907,0.00023452914972655527,0.00034623775914617767,0.00023452914972655527
full,2015-03-10,2018-10-02,2018-10-09,2018-10-30,0,,,,,,,,,,,0.0007275551577482252,0.0003453354961191151,0.0012771650697388551,0.0003453354961191151,0.0012771650697388551,0.00031279959275535413,0.0012771650697388551,0.0003453354961191151,0.0012771650697388551
full,2015-03-17,2018-10-09,2018-10-16,2018-11-06,0,,,,,,,,,,,0.0007677197468053611,0.0003555373184521459,0.0009221784064965694,0.0003555373184521459,0.0009221784064965694,0.00032323618445546747,0.0009221784064965694,0.0003555373184521459,0.0009221784064965694
full,2015-03-24,2018-10-16,2018-10-23,2018-11-13,0,,,,,,,,,,,0.0007436040444142185,0.00035330757698768655,0.0009226302852877928,0.00035330757698768655,0.0009226302852877928,0.0003210955675318033,0.0009226302852877928,0.0003533075769876866,0.0009226302852877928
full,2015-04-07,2018-10-23,2018-10-30,2018-11-27,0,,,,,,,,,,,0.000786451635720117,0.0003609771480000503,0.0005620143221799866,0.0003609771480000503,0.0005620143221799866,0.0003291517142343712,0.0005620143221799866,0.0003609771480000504,0.0005620143221799866
full,2015-04-14,2018-10-30,2018-11-06,2018-12-11,0,,,,,,,,,,,0.0008542784231251657,0.0003704220887960247,0.0006615509143897607,0.0003704220887960247,0.0006615509143897607,0.0003386831248878582,0.0006615509143897607,0.0003704220887960247,0.0006615509143897607
full,2015-04-21,2018-11-06,2018-11-13,2018-12-18,0,,,,,,,,,,,0.0008565142885596981,0.0003709289489227601,0.0016360051647077677,0.0003709289489227601,0.0016360051647077677,0.00033934374083593853,0.0016360051647077677,0.0003709289489227601,0.0016360051647077677
full,2015-04-28,2018-11-13,2018-11-27,2019-01-08,0,,,,,,,,,,,0.0008513117437730581,0.00037117314787942174,0.0019784716223492584,0.00037117314787942174,0.0019784716223492584,0.0003396034481075869,0.0019784716223492584,0.00037117314787942174,0.0019784716223492584
full,2015-05-05,2018-11-27,2018-12-11,2019-01-22,0,,,,,,,,,,,0.00085315965942352,0.00037529738773220764,0.0013726095398594353,0.00037529738773220764,0.0013726095398594353,0.0003437484249207063,0.0013726095398594353,0.00037529738773220764,0.0013726095398594353
full,2015-05-12,2018-12-11,2018-12-18,2019-01-29,0,,,,,,,,,,,0.0008929985127411305,0.0003838522274033961,0.0017624469563149612,0.0003838522274033961,0.0017624469563149612,0.000352401948193551,0.0017624469563149612,0.0003838522274033961,0.0017624469563149612
full,2015-05-26,2018-12-18,2019-01-08,2019-02-05,1,0.0010588845345472662,0.00020963872335005181,1.0,0.0,7.633340934107605e-05,0.0009615339375425576,0.0009807646162934087,9.823278472255744,0.0010588845345472658,0.0104017176528227,0.0010588845345472658,0.0004124119130014815,0.0001858637164681551,0.00033306060940437856,0.0001858637164681551,0.00038045610257291207,0.0001858637164681551,0.0004124119130014815,0.0001858637164681551
full,2015-06-02,2019-01-08,2019-01-22,2019-02-19,1,0.001059533943966889,0.00020976595804537502,1.0,0.0,7.587477278489779e-05,0.0009626183636655233,0.0009818707309388337,9.866680791274877,0.0010595339439668896,0.010454083212641822,0.0010595339439668891,0.0004133398190512358,0.00016780083848322858,0.0003335833913425511,0.00016780083848322858,0.0003813254696234662,0.00016780083848322858,0.0004133398190512357,0.00016780083848322858
full,2015-06-09,2019-01-22,2019-01-29,2019-02-26,0,,,,,,,,,,,0.0010469809836553437,0.0004129510646148495,0.000237235852719708,0.0004129510646148495,0.000237235852719708,0.00038093864523779455,0.000237235852719708,0.0004129510646148495,0.000237235852719708
full,2015-06-16,2019-01-29,2019-02-05,2019-03-05,1,0.001076069576965731,0.00021306970521083689,1.0,0.0,8.759295061849088e-05,0.0009673326713912212,0.0009866793248190456,9.799603896469073,0.0010760695769657309,0.010545055619305204,0.0010760695769657324,0.0004170673894569022,0.00010343224222226663,0.0003348587487854353,0.00010343224222226663,0.00038507829832049777,0.00010343224222226663,0.0004170673894569022,0.00010343224222226663
full,2015-06-23,2019-02-05,2019-02-19,2019-03-12,1,0.0010694818153466439,0.00021174769465436328,1.0,0.0,8.090112366307433e-05,0.000967434527294937,0.0009867832178408356,9.831265024122231,0.0010694818153466432,0.010514359165152204,0.0010694818153466437,0.0004153294510792139,0.00015918396427417334,0.0003341370886341239,0.00015918396427417334,0.0003833815254642663,0.00015918396427417334,0.0004153294510792139,0.00015918396427417334
full,2015-07-07,2019-02-19,2019-02-26,2019-03-19,1,0.0010536988324918125,0.00020858476708018436,1.0,0.0,6.651120182781011e-05,0.0009660712299758421,0.0009853926545753588,9.84280976035141,0.0010536988324918112,0.010371357152921284,0.001053698832491812,0.00041031128532164355,0.00019870397383574368,0.0003312529296626844,0.00019870397383574368,0.00037817792594714203,0.00019870397383574368,0.0004103112853216435,0.00019870397383574368
full,2015-07-14,2019-02-26,2019-03-05,2019-03-26,1,0.0010688817756598626,0.00021163606498123197,1.0,0.0,8.331398002713888e-05,0.0009644861713043114,0.0009837758947303977,9.710226890119669,0.0010688817756598626,0.010379084560371257,0.0010688817756598626,0.00041021086994092576,0.0005308012263298964,0.0003292506033947116,0.0005308012263298964,0.0003781247735634481,0.0005308012263298964,0.00041021086994092576,0.0005308012263298964
full,2015-07-21,2019-03-05,2019-03-12,2019-04-02,1,0.0010623264027625244,0.0002103151620689581,1.0,0.0,7.483722582439121e-05,0.0009663663834046335,0.0009856937110727263,9.795935242823898,0.001062326402762524,0.010406480648203743,0.0010623264027625253,0.0004110536027930621,0.0004631373521075181,0.0003310848308432249,0.0004631373521075181,0.0003790950712634841,0.0004631373521075181,0.0004110536027930622,0.0004631373521075181
full,2015-07-28,2019-03-12,2019-03-19,2019-04-09,0,,,,,,,,,,,0.001021548574338763,0.0004051133898929617,0.00046399677852004834,0.0004051133898929617,0.00046399677852004834,0.000372820772522088,0.00046399677852004834,0.0004051133898929617,0.00046399677852004834
full,2015-08-04,2019-03-19,2019-03-26,2019-04-23,0,,,,,,,,,,,0.0010120747737458057,0.0004067632680453068,0.00012627681642888894,0.0004067632680453068,0.00012627681642888894,0.0003747097520485371,0.00012627681642888894,0.00040676326804530674,0.00012627681642888894
full,2015-08-11,2019-03-26,2019-04-02,2019-04-30,1,0.0010606296633723688,0.00020997466640258064,1.0,0.0,7.304005021656649e-05,0.0009664648436396033,0.0009857941405123952,9.836691431679169,0.001060629663372369,0.010433086721879743,0.0010606296633723688,0.0004119112968106874,6.126450876609203e-05,0.00033362587044392467,6.126450876609203e-05,0.0003800647477646275,6.126450876609203e-05,0.0004119112968106874,6.126450876609203e-05
full,2015-08-18,2019-04-02,2019-04-09,2019-05-07,1,0.0010756383804420384,0.00021299082936936984,1.0,0.0,8.97776613883283e-05,0.0009647728405095823,0.0009840682973197739,9.702166119617758,0.0010756383804420388,0.010436022251685264,0.001075638380442038,0.00041287233302052164,0.0004765071345635903,0.00033321867026983246,0.0004765071345635903,0.00038105739455195824,0.0004765071345635903,0.00041287233302052164,0.0004765071345635903
full,2015-08-25,2019-04-09,2019-04-23,2019-05-14,0,,,,,,,,,,,0.0008038194062901117,0.0003614383768408843,0.000476529540886082,0.0003614383768408843,0.000476529540886082,0.00033289102857338686,0.000476529540886082,0.00036143837684088435,0.000476529540886082
full,2015-09-08,2019-04-23,2019-04-30,2019-05-28,0,,,,,,,,,,,0.0007799603381508985,0.00035658909802140814,0.0003377374931403789,0.00035658909802140814,0.0003377374931403789,0.00032780295825208936,0.0003377374931403789,0.00035658909802140814,0.0003377374931403789
full,2015-09-15,2019-04-30,2019-05-07,2019-06-04,0,,,,,,,,,,,0.0007877404098591917,0.0003566368650174707,0.0009832809599711297,0.0003566368650174707,0.0009832809599711297,0.0003279156726838857,0.0009832809599711297,0.0003566368650174707,0.0009832809599711297
full,2015-09-22,2019-05-07,2019-05-14,2019-06-11,0,,,,,,,,,,,0.0008569690808316237,0.00036601656414387196,0.0005345374305694748,0.00036601656414387196,0.0005345374305694748,0.00033769074315732797,0.0005345374305694748,0.00036601656414387196,0.0005345374305694748
full,2015-09-29,2019-05-14,2019-05-28,2019-06-18,0,,,,,,,,,,,0.0007240487656922001,0.0003498271839570072,0.0005492398434028247,0.0003498271839570072,0.0005492398434028247,0.00032174641698371354,0.0005492398434028247,0.00034982718395700716,0.0005492398434028247
full,2015-10-06,2019-05-28,2019-06-04,2019-06-25,0,,,,,,,,,,,0.0006830312034822616,0.0003379534395117514,0.00017503347639820222,0.0003379534395117514,0.00017503347639820222,0.00031021692069776096,0.00017503347639820222,0.0003379534395117514,0.00017503347639820222
full,2015-10-13,2019-06-04,2019-06-11,2019-07-09,0,,,,,,,,,,,0.0006981554289226038,0.00034283208106536346,5.440647173664985e-05,0.00034283208106536346,5.440647173664985e-05,0.000315145426810765,5.440647173664985e-05,0.00034283208106536346,5.440647173664985e-05
full,2015-10-20,2019-06-11,2019-06-18,2019-07-16,0,,,,,,,,,,,0.0007021283203844924,0.0003427988193688659,0.00011565700420921526,0.0003427988193688659,0.00011565700420921526,0.00031515089728477886,0.00011565700420921526,0.00034279881936886584,0.00011565700420921526
full,2015-10-27,2019-06-18,2019-06-25,2019-07-23,0,,,,,,,,,,,0.0007100563970136142,0.000343715529508676,0.00011682547980139331,0.000343715529508676,0.00011682547980139331,0.0003160947971576515,0.00011682547980139331,0.000343715529508676,0.00011682547980139331
full,2015-11-03,2019-06-25,2019-07-09,2019-07-30,0,,,,,,,,,,,0.0007528903594799438,0.00034394837295611093,0.0008535969160763518,0.00034394837295611093,0.0008535969160763518,0.00031649159647164515,0.0008535969160763518,0.00034394837295611093,0.0008535969160763518
full,2015-11-10,2019-07-09,2019-07-16,2019-08-06,0,,,,,,,,,,,0.0007624320595147587,0.00034354794848562135,0.0008299073678761803,0.00034354794848562135,0.0008299073678761803,0.0003162134651538043,0.0008299073678761803,0.00034354794848562135,0.0008299073678761803
full,2015-11-17,2019-07-16,2019-07-23,2019-08-13,0,,,,,,,,,,,0.000762864675144938,0.0003419050945328505,0.0009099846252499447,0.0003419050945328505,0.0009099846252499447,0.00031444770111042084,0.0009099846252499447,0.0003419050945328505,0.0009099846252499447
full,2015-12-01,2019-07-23,2019-07-30,2019-08-20,0,,,,,,,,,,,0.0007596278285180297,0.00034117372948205057,0.0007294636542323983,0.00034117372948205057,0.0007294636542323983,0.0003138036830345906,0.0007294636542323983,0.00034117372948205057,0.0007294636542323983
full,2015-12-08,2019-07-30,2019-08-06,2019-09-03,0,,,,,,,,,,,0.0008322377418630055,0.0003560165809189318,0.0002303307871816741,0.0003560165809189318,0.0002303307871816741,0.0003283033607174385,0.0002303307871816741,0.0003560165809189318,0.0002303307871816741
full,2015-12-15,2019-08-06,2019-08-13,2019-09-10,0,,,,,,,,,,,0.0007750749265102426,0.00034703543771311205,0.000324233333744656,0.00034703543771311205,0.000324233333744656,0.000319159594974043,0.000324233333744656,0.00034703543771311205,0.000324233333744656
full,2016-01-05,2019-08-13,2019-08-20,2019-09-17,0,,,,,,,,,,,0.000746048956818149,0.0003471252367237861,0.00041211640441409436,0.0003471252367237861,0.00041211640441409436,0.0003192390349936328,0.00041211640441409436,0.0003471252367237861,0.00041211640441409436
full,2016-01-19,2019-08-20,2019-09-03,2019-09-24,0,,,,,,,,,,,0.0005815683185084789,0.00032967608594650864,0.00032408273552874745,0.00032967608594650864,0.00032408273552874745,0.00030226478013415,0.00032408273552874745,0.0003296760859465086,0.00032408273552874745
full,2016-01-26,2019-09-03,2019-09-10,2019-10-01,0,,,,,,,,,,,0.0005993914465292722,0.00033162565602945683,0.0003063175945251294,0.00033162565602945683,0.0003063175945251294,0.0003043344619581173,0.0003063175945251294,0.00033162565602945683,0.0003063175945251294
full,2016-02-02,2019-09-10,2019-09-17,2019-10-08,0,,,,,,,,,,,0.0006306536079175151,0.00032753498760518035,9.929740243910433e-05,0.00032753498760518035,9.929740243910433e-05,0.00030066633391301226,9.929740243910436e-05,0.00032753498760518035,9.929740243910436e-05
full,2016-02-16,2019-09-17,2019-09-24,2019-10-15,0,,,,,,,,,,,0.0006298121921188167,0.0003163670020519228,0.0002559530504246475,0.0003163670020519228,0.0002559530504246475,0.000290639091667752,0.0002559530504246475,0.0003163670020519228,0.0002559530504246475
full,2016-02-23,2019-09-24,2019-10-01,2019-10-22,0,,,,,,,,,,,0.0005793789115767221,0.0003037752838474523,0.0002286856177752455,0.0003037752838474523,0.0002286856177752455,0.00027828711676850524,0.0002286856177752455,0.0003037752838474523,0.0002286856177752455
full,2016-03-01,2019-10-01,2019-10-08,2019-10-29,0,,,,,,,,,,,0.0005967839931769556,0.0003053278979825065,2.524428025752815e-05,0.0003053278979825065,2.524428025752815e-05,0.0002800746549401176,2.5244280257528143e-05,0.00030532789798250643,2.5244280257528143e-05
full,2016-03-08,2019-10-08,2019-10-15,2019-11-05,0,,,,,,,,,,,0.00047204676502504977,0.0002868383118957686,7.04345614466158e-05,0.0002868383118957686,7.04345614466158e-05,0.0002621607570729347,7.04345614466158e-05,0.0002868383118957686,7.04345614466158e-05
full,2016-03-15,2019-10-15,2019-10-22,2019-11-12,0,,,,,,,,,,,0.000504213271736993,0.00028906656443428435,5.746738180425787e-05,0.00028906656443428435,5.746738180425787e-05,0.00026447311220412185,5.746738180425787e-05,0.0002890665644342844,5.746738180425787e-05
full,2016-03-29,2019-10-22,2019-10-29,2019-11-19,0,,,,,,,,,,,0.0005154322520091077,0.0002881606511919262,4.463461071793152e-05,0.0002881606511919262,4.463461071793152e-05,0.00026362731226663226,4.463461071793152e-05,0.0002881606511919262,4.463461071793152e-05
full,2016-04-05,2019-10-29,2019-11-05,2019-12-03,0,,,,,,,,,,,0.0005135685885204744,0.00028794025115128844,3.1859460779402224e-05,0.00028794025115128844,3.1859460779402224e-05,0.00026347581893668094,3.1859460779402224e-05,0.00028794025115128844,3.1859460779402224e-05
full,2016-04-12,2019-11-05,2019-11-12,2019-12-10,0,,,,,,,,,,,0.0005225242244929753,0.00028758809952407114,3.7622784348236886e-05,0.00028758809952407114,3.7622784348236886e-05,0.00026311407790646486,3.7622784348236886e-05,0.0002875880995240711,3.7622784348236886e-05
full,2016-04-19,2019-11-12,2019-11-19,2019-12-17,0,,,,,,,,,,,0.0004959387687448788,0.0002808203667398777,6.429824374577691e-06,0.0002808203667398777,6.429824374577691e-06,0.00025629420604377623,6.429824374577691e-06,0.0002808203667398776,6.429824374577691e-06
full,2016-04-26,2019-11-19,2019-12-03,2020-01-07,0,,,,,,,,,,,0.000501108536521646,0.00028107595513994873,7.0624498920332635e-06,0.00028107595513994873,7.0624498920332635e-06,0.0002565802100844461,7.0624498920332635e-06,0.0002810759551399487,7.0624498920332635e-06
full,2016-05-03,2019-12-03,2019-12-10,2020-01-21,0,,,,,,,,,,,0.0005038493488870449,0.0002814078900640232,0.00041862882993438325,0.0002814078900640232,0.00041862882993438325,0.00025698409081746616,0.00041862882993438325,0.0002814078900640232,0.00041862882993438325
full,2016-05-10,2019-12-10,2019-12-17,2020-01-28,0,,,,,,,,,,,0.0004776271486000797,0.00027868826248526554,0.0003405791793548786,0.00027868826248526554,0.0003405791793548786,0.00025400803806534863,0.0003405791793548786,0.00027868826248526554,0.0003405791793548786
full,2016-05-17,2019-12-17,2020-01-07,2020-02-04,0,,,,,,,,,,,0.0004891938384573515,0.0002790725913082287,0.00045217078739197346,0.0002790725913082287,0.00045217078739197346,0.00025438224281276197,0.00045217078739197346,0.0002790725913082287,0.00045217078739197346
full,2016-05-31,2020-01-07,2020-01-21,2020-02-18,0,,,,,,,,,,,0.0004907095913683505,0.00027900154523940096,0.000612318037215518,0.00027900154523940096,0.000612318037215518,0.00025431966462337893,0.000612318037215518,0.000279001545239401,0.000612318037215518
full,2016-06-07,2020-01-21,2020-01-28,2020-02-25,0,,,,,,,,,,,0.0005497169150005042,0.0002837579208214789,0.0011667836386609492,0.0002837579208214789,0.0011667836386609492,0.0002593985796155659,0.0011667836386609492,0.0002837579208214789,0.0011667836386609492
full,2016-06-14,2020-01-28,2020-02-04,2020-03-03,0,,,,,,,,,,,0.0005346791558854527,0.0002823790559862239,0.002296159686499032,0.0002823790559862239,0.002296159686499032,0.00025792417720038114,0.002296159686499032,0.00028237905598622393,0.002296159686499032
full,2016-06-21,2020-02-04,2020-02-18,2020-03-10,0,,,,,,,,,,,0.0005335316561918028,0.0002841059480986446,0.000626274293798996,0.0002841059480986446,0.000626274293798996,0.0002596310572359103,0.000626274293798996,0.0002841059480986446,0.000626274293798996
full,2016-07-05,2020-02-18,2020-02-25,2020-03-17,0,,,,,,,,,,,0.0005108495855107912,0.00027733452789501704,0.0005162397642491406,0.00027733452789501704,0.0005162397642491406,0.00025277882129966803,0.0005162397642491406,0.00027733452789501704,0.0005162397642491406
full,2016-07-12,2020-02-25,2020-03-03,2020-03-24,0,,,,,,,,,,,0.0005656195616246661,0.0002996559187425778,0.0064010933906843296,0.0002996559187425778,0.0064010933906843296,0.0002735843369097656,0.0064010933906843296,0.0002996559187425778,0.0064010933906843296
full,2016-07-19,2020-03-03,2020-03-10,2020-03-31,0,,,,,,,,,,,0.0008879430557509446,0.00035845389700139493,0.0046419584955813145,0.00035845389700139493,0.0046419584955813145,0.00032449257082112914,0.0046419584955813145,0.00035845389700139504,0.0046419584955813145
full,2016-07-26,2020-03-10,2020-03-17,2020-04-14,0,,,,,,,,,,,0.0007575596199766806,0.00039546038031572177,0.0029849619604503195,0.00039546038031572177,0.0029849619604503195,0.00035854094269063776,0.0029849619604503195,0.00039546038031572177,0.0029849619604503195
full,2016-08-02,2020-03-17,2020-03-24,2020-04-21,0,,,,,,,,,,,0.0006917659707257642,0.0004062917540097769,0.0021699525314365794,0.0004062917540097769,0.0021699525314365794,0.00036825791095036135,0.0021699525314365794,0.00040629175400977685,0.0021699525314365794
full,2016-08-09,2020-03-24,2020-03-31,2020-04-28,0,,,,,,,,,,,0.000790361963146081,0.00045001716368163144,0.000613514805595513,0.00045001716368163144,0.000613514805595513,0.00040816387257803653,0.000613514805595513,0.0004500171636816315,0.000613514805595513
full,2016-08-16,2020-03-31,2020-04-14,2020-05-05,0,,,,,,,,,,,0.0006783747490028636,0.0004510552119484293,0.000564316372102234,0.0004510552119484293,0.000564316372102234,0.00040867298361349963,0.000564316372102234,0.0004510552119484293,0.000564316372102234
full,2016-08-23,2020-04-14,2020-04-21,2020-05-12,0,,,,,,,,,,,0.0006135522445451856,0.00045228413509963076,0.00045193158709255543,0.00045228413509963076,0.00045193158709255543,0.0004097714824276843,0.00045193158709255543,0.00045228413509963076,0.00045193158709255543
full,2016-09-06,2020-04-21,2020-04-28,2020-05-26,0,,,,,,,,,,,0.0006414426583893068,0.00046116828226879495,0.0006664822849126749,0.00046116828226879495,0.0006664822849126749,0.0004189309074979812,0.0006664822849126749,0.0004611682822687949,0.0006664822849126749
full,2016-09-13,2020-04-28,2020-05-05,2020-06-02,0,,,,,,,,,,,0.0005872168362654515,0.00046097439600440663,0.0018665068028582115,0.00046097439600440663,0.0018665068028582115,0.00041862014780152793,0.0018665068028582115,0.0004609743960044067,0.0018665068028582115
full,2016-09-20,2020-05-05,2020-05-12,2020-06-09,0,,,,,,,,,,,0.0005612048171996294,0.00046241334534398453,0.004256525908613418,0.00046241334534398453,0.004256525908613418,0.0004195777127221044,0.004256525908613418,0.00046241334534398453,0.004256525908613418
full,2016-09-27,2020-05-12,2020-05-26,2020-06-16,0,,,,,,,,,,,0.0004933929763717734,0.0004621666102882303,0.0041339724949792335,0.0004621666102882303,0.0041339724949792335,0.00041930542206558113,0.0041339724949792335,0.0004621666102882303,0.0041339724949792335
full,2016-10-04,2020-05-26,2020-06-02,2020-06-23,0,,,,,,,,,,,0.000495087769764668,0.00047636627347181495,0.004123407469732945,0.00047636627347181495,0.004123407469732945,0.00043336304187137516,0.004123407469732945,0.00047636627347181495,0.004123407469732945
full,2016-10-11,2020-06-02,2020-06-09,2020-07-07,0,,,,,,,,,,,0.0007233383552378948,0.0005332622650058526,0.0006022814473360213,0.0005332622650058526,0.0006022814473360213,0.0004846746350341332,0.0006022814473360213,0.0005332622650058527,0.0006022814473360213
full,2016-10-18,2020-06-09,2020-06-16,2020-07-14,0,,,,,,,,,,,0.0007045442441584863,0.0005517715671158998,0.0006171111526069472,0.0005517715671158998,0.0006171111526069472,0.0005032779871076982,0.0006171111526069472,0.0005517715671158998,0.0006171111526069472
full,2016-10-25,2020-06-16,2020-06-23,2020-07-21,0,,,,,,,,,,,0.0006747047043533647,0.000550806355115199,0.000664042676955468,0.000550806355115199,0.000664042676955468,0.0005022325677908063,0.000664042676955468,0.000550806355115199,0.000664042676955468
full,2016-11-01,2020-06-23,2020-07-07,2020-07-28,0,,,,,,,,,,,0.0006328216573978242,0.0005520597295863353,0.00047836121691290204,0.0005520597295863353,0.00047836121691290204,0.0005035798436525848,0.00047836121691290204,0.0005520597295863354,0.00047836121691290204
full,2016-11-08,2020-07-07,2020-07-14,2020-08-04,0,,,,,,,,,,,0.000611046720105751,0.0005547266309348894,0.00033438602013018695,0.0005547266309348894,0.00033438602013018695,0.0005063959452210244,0.00033438602013018695,0.0005547266309348894,0.00033438602013018695
full,2016-11-15,2020-07-14,2020-07-21,2020-08-11,0,,,,,,,,,,,0.0005572465662845788,0.0005490096344443803,0.0003872820721442661,0.0005490096344443803,0.0003872820721442661,0.0005008508256950873,0.0003872820721442661,0.0005490096344443803,0.0003872820721442661
full,2016-11-29,2020-07-21,2020-07-28,2020-08-18,0,,,,,,,,,,,0.0005408823990127557,0.0005476012729836131,0.0004652838262411124,0.0005476012729836131,0.0004652838262411124,0.0004993347858460086,0.0004652838262411124,0.0005476012729836131,0.0004652838262411124
full,2016-12-06,2020-07-28,2020-08-04,2020-08-25,0,,,,,,,,,,,0.0005262187892719053,0.00054752054090353,0.0005040933802773921,0.00054752054090353,0.0005040933802773921,0.0004991262969768948,0.0005040933802773921,0.00054752054090353,0.0005040933802773921
full,2016-12-13,2020-08-04,2020-08-11,2020-09-08,0,,,,,,,,,,,0.000565114470192784,0.0005569753635138896,2.461519047070677e-06,0.0005569753635138896,2.461519047070677e-06,0.0005089144781890678,2.461519047070677e-06,0.0005569753635138897,2.461519047070677e-06
full,2017-01-03,2020-08-11,2020-08-18,2020-09-15,0,,,,,,,,,,,0.0005653283411742059,0.0005569104895499935,0.0002622816501149097,0.0005569104895499935,0.0002622816501149097,0.0005088375688736329,0.0002622816501149097,0.0005569104895499933,0.0002622816501149097
full,2017-01-17,2020-08-18,2020-08-25,2020-09-22,0,,,,,,,,,,,0.0005582571872314028,0.0005565041173596068,0.0004120248686284678,0.0005565041173596068,0.0004120248686284678,0.0005084218081311711,0.0004120248686284678,0.0005565041173596068,0.0004120248686284678
full,2017-01-24,2020-08-25,2020-09-08,2020-09-29,0,,,,,,,,,,,0.0005562738308267989,0.0005561478430097874,0.0007803727299775825,0.0005561478430097874,0.0007803727299775825,0.0005080365015743979,0.0007803727299775825,0.0005561478430097874,0.0007803727299775825
full,2017-01-31,2020-09-08,2020-09-15,2020-10-06,0,,,,,,,,,,,0.0005399870399055973,0.0005561405272267318,0.0009827660879801524,0.0005561405272267318,0.0009827660879801524,0.0005079737338884153,0.0009827660879801524,0.0005561405272267318,0.0009827660879801524
full,2017-02-07,2020-09-15,2020-09-22,2020-10-13,0,,,,,,,,,,,0.000534947508662787,0.0005641684198457071,0.0006183691615853687,0.0005641684198457071,0.0006183691615853687,0.0005162409560752771,0.0006183691615853687,0.0005641684198457071,0.0006183691615853687
full,2017-02-21,2020-09-22,2020-09-29,2020-10-20,0,,,,,,,,,,,0.0005092287466960272,0.0005631881256791752,0.0006700717970990226,0.0005631881256791752,0.0006700717970990226,0.0005151922506582271,0.0006700717970990226,0.0005631881256791755,0.0006700717970990226
full,2017-02-28,2020-09-29,2020-10-06,2020-10-27,0,,,,,,,,,,,0.0005133690444533314,0.0005685672344576209,0.0005968937022564984,0.0005685672344576209,0.0005968937022564984,0.0005208121630107571,0.0005968937022564984,0.0005685672344576209,0.0005968937022564984
full,2017-03-07,2020-10-06,2020-10-13,2020-11-03,0,,,,,,,,,,,0.0005274662809408517,0.0005743077102821577,0.001322558117627751,0.0005743077102821577,0.001322558117627751,0.0005266761160044495,0.001322558117627751,0.0005743077102821577,0.001322558117627751
full,2017-03-14,2020-10-13,2020-10-20,2020-11-10,0,,,,,,,,,,,0.0005249150657321381,0.0005766902766852497,0.0011917289637215535,0.0005766902766852497,0.0011917289637215535,0.0005290002959620522,0.0011917289637215535,0.0005766902766852497,0.0011917289637215535
full,2017-03-21,2020-10-20,2020-10-27,2020-11-17,0,,,,,,,,,,,0.0005085185800889144,0.0005762957609532339,0.0010978557436352784,0.0005762957609532339,0.0010978557436352784,0.00052855932096739,0.0010978557436352784,0.0005762957609532339,0.0010978557436352784
full,2017-03-28,2020-10-27,2020-11-03,2020-12-01,0,,,,,,,,,,,0.0004865729928016751,0.0005768860759859977,0.00041670287139076464,0.0005768860759859977,0.00041670287139076464,0.0005289730981390386,0.00041670287139076464,0.0005768860759859977,0.00041670287139076464
full,2017-04-04,2020-11-03,2020-11-10,2020-12-08,0,,,,,,,,,,,0.0005056820386918514,0.0005966162922773555,0.0003859940616436448,0.0005966162922773555,0.0003859940616436448,0.0005485519126607315,0.0003859940616436448,0.0005966162922773555,0.0003859940616436448
full,2017-04-18,2020-11-10,2020-11-17,2020-12-15,0,,,,,,,,,,,0.0005080956934660117,0.0006056622849100824,0.00024213163965839407,0.0006056622849100824,0.00024213163965839407,0.0005578756991980378,0.00024213163965839407,0.0006056622849100825,0.00024213163965839407
full,2017-04-25,2020-11-17,2020-12-01,2021-01-05,0,,,,,,,,,,,0.0005084896811789319,0.0006039703990678809,0.0004810403739905571,0.0006039703990678809,0.0004810403739905571,0.000556074156816365,0.0004810403739905571,0.0006039703990678809,0.0004810403739905571
full,2017-05-02,2020-12-01,2020-12-08,2021-01-19,0,,,,,,,,,,,0.0005324268371825043,0.0006111001862255342,0.0004833326147869717,0.0006111001862255342,0.0004833326147869717,0.0005635663160788629,0.0004833326147869717,0.0006111001862255342,0.0004833326147869717
full,2017-05-09,2020-12-08,2020-12-15,2021-01-26,0,,,,,,,,,,,0.0005299122140884333,0.0006111357119766511,0.0007348397347563845,0.0006111357119766511,0.0007348397347563845,0.0005635868045255418,0.0007348397347563845,0.0006111357119766511,0.0007348397347563845
full,2017-05-16,2020-12-15,2021-01-05,2021-02-02,0,,,,,,,,,,,0.0005215312318271384,0.0006113218260972484,0.001261977757159375,0.0006113218260972484,0.001261977757159375,0.000563763235236558,0.001261977757159375,0.0006113218260972485,0.001261977757159375
full,2017-05-30,2021-01-05,2021-01-19,2021-02-16,0,,,,,,,,,,,0.0005710054811885611,0.0006232421314554488,0.0009832977447501263,0.0006232421314554488,0.0009832977447501263,0.0005760270029571091,0.0009832977447501263,0.0006232421314554488,0.0009832977447501263
full,2017-06-06,2021-01-19,2021-01-26,2021-02-23,0,,,,,,,,,,,0.0005678248164058973,0.0006226706507005061,0.0009385988385486508,0.0006226706507005061,0.0009385988385486508,0.0005754209236336685,0.0009385988385486508,0.0006226706507005061,0.0009385988385486508
full,2017-06-13,2021-01-26,2021-02-02,2021-03-02,0,,,,,,,,,,,0.0005603503430102787,0.0006251757326174618,0.0005666844956262255,0.0006251757326174618,0.0005666844956262255,0.0005779287679033795,0.0005666844956262255,0.0006251757326174618,0.0005666844956262255
full,2017-06-20,2021-02-02,2021-02-16,2021-03-09,0,,,,,,,,,,,0.0006482204647429863,0.0006428634109533948,0.0002601550097435683,0.0006428634109533948,0.0002601550097435683,0.0005959074676352119,0.0002601550097435683,0.0006428634109533948,0.0002601550097435683
full,2017-06-27,2021-02-16,2021-02-23,2021-03-16,0,,,,,,,,,,,0.0006470760686183065,0.0006429390520001013,0.0006782144471427141,0.0006429390520001013,0.0006782144471427141,0.000595913981601923,0.0006782144471427141,0.0006429390520001012,0.0006782144471427141
full,2017-07-11,2021-02-23,2021-03-02,2021-03-23,0,,,,,,,,,,,0.0006057627881761128,0.0006426703928741776,0.0007243958330755214,0.0006426703928741776,0.0007243958330755214,0.0005955863728299927,0.0007243958330755214,0.0006426703928741776,0.0007243958330755214
full,2017-07-18,2021-03-02,2021-03-09,2021-04-06,0,,,,,,,,,,,0.0005900961613289953,0.0006421318061637849,0.0007224926244581188,0.0006421318061637849,0.0007224926244581188,0.0005949121862154739,0.0007224926244581188,0.0006421318061637848,0.0007224926244581188
full,2017-07-25,2021-03-09,2021-03-16,2021-04-13,0,,,,,,,,,,,0.0006208295136741832,0.0006508062622134593,0.00022135318033937278,0.0006508062622134593,0.00022135318033937278,0.0006036773557839586,0.00022135318033937278,0.0006508062622134594,0.00022135318033937278
full,2017-08-01,2021-03-16,2021-03-23,2021-04-20,0,,,,,,,,,,,0.0006285942683202771,0.0006554514849528177,7.010873359812432e-05,0.0006554514849528177,7.010873359812432e-05,0.0006086125677407577,7.010873359812432e-05,0.0006554514849528178,7.010873359812432e-05
full,2017-08-08,2021-03-23,2021-04-06,2021-04-27,0,,,,,,,,,,,0.0005934096394803893,0.0006557149175591625,2.118464484392406e-05,0.0006557149175591625,2.118464484392406e-05,0.0006089093961000312,2.118464484392406e-05,0.0006557149175591626,2.118464484392406e-05
full,2017-08-15,2021-04-06,2021-04-13,2021-05-04,0,,,,,,,,,,,0.0005966802132934441,0.0006550933639224846,2.007176862824699e-06,0.0006550933639224846,2.007176862824699e-06,0.000608221817776786,2.007176862824699e-06,0.0006550933639224846,2.007176862824699e-06
full,2017-08-22,2021-04-13,2021-04-20,2021-05-11,0,,,,,,,,,,,0.0005865743539315431,0.0006530799939998332,2.816292469725212e-05,0.0006530799939998332,2.816292469725212e-05,0.0006059957046792204,2.816292469725212e-05,0.0006530799939998332,2.816292469725212e-05
full,2017-09-05,2021-04-20,2021-04-27,2021-05-18,0,,,,,,,,,,,0.0005687739783337056,0.000652179748259989,4.135358156741783e-05,0.000652179748259989,4.135358156741783e-05,0.0006050254939519455,4.135358156741783e-05,0.000652179748259989,4.135358156741783e-05
full,2017-09-12,2021-04-27,2021-05-04,2021-06-01,0,,,,,,,,,,,0.0005667965564875765,0.0006523027697494264,7.247108952001979e-05,0.0006523027697494264,7.247108952001979e-05,0.0006051367651824363,7.247108952001979e-05,0.0006523027697494264,7.247108952001979e-05
full,2017-09-19,2021-05-04,2021-05-11,2021-06-08,0,,,,,,,,,,,0.0005604902148787562,0.0006520503481045941,7.468835879035484e-05,0.0006520503481045941,7.468835879035484e-05,0.0006047720101122904,7.468835879035484e-05,0.0006520503481045941,7.468835879035484e-05
full,2017-09-26,2021-05-11,2021-05-18,2021-06-15,0,,,,,,,,,,,0.0005375215701543923,0.0006520509039258625,0.0001828694832838862,0.0006520509039258625,0.0001828694832838862,0.0006047190318185876,0.0001828694832838862,0.0006520509039258625,0.0001828694832838862
full,2017-10-03,2021-05-18,2021-06-01,2021-06-22,0,,,,,,,,,,,0.0005274566675607141,0.0006500987096093631,0.00020488378840882607,0.0006500987096093631,0.00020488378840882607,0.0006026270220038178,0.00020488378840882607,0.0006500987096093631,0.00020488378840882607
full,2017-10-10,2021-06-01,2021-06-08,2021-07-06,0,,,,,,,,,,,0.0005314522330428161,0.0006509568871196925,0.00012658093116040922,0.0006509568871196925,0.00012658093116040922,0.0006035067579837879,0.00012658093116040922,0.0006509568871196925,0.00012658093116040922
full,2017-10-17,2021-06-08,2021-06-15,2021-07-13,0,,,,,,,,,,,0.0005301035827069648,0.0006511464176045915,0.0005310836581115599,0.0006511464176045915,0.0005310836581115599,0.0006037246116721391,0.0005310836581115599,0.0006511464176045915,0.0005310836581115599
full,2017-10-24,2021-06-15,2021-06-22,2021-07-20,0,,,,,,,,,,,0.0005233379453362175,0.0006540667156185078,0.0010854220123812,0.0006540667156185078,0.0010854220123812,0.0006067762447672085,0.0010854220123812,0.0006540667156185078,0.0010854220123812
full,2017-10-31,2021-06-22,2021-07-06,2021-07-27,0,,,,,,,,,,,0.0005227021223871487,0.0006538154380111084,0.001072016591726816,0.0006538154380111084,0.001072016591726816,0.0006065062893719955,0.001072016591726816,0.0006538154380111083,0.001072016591726816
full,2017-11-07,2021-07-06,2021-07-13,2021-08-03,0,,,,,,,,,,,0.0005126171195673627,0.0006537657556955319,0.0010977797288449108,0.0006537657556955319,0.0010977797288449108,0.000606470821042002,0.0010977797288449108,0.0006537657556955319,0.0010977797288449108
full,2017-11-14,2021-07-13,2021-07-20,2021-08-10,0,,,,,,,,,,,0.0005867806392859628,0.0006664521390318731,0.00023735493235085503,0.0006664521390318731,0.00023735493235085503,0.0006198226024734577,0.00023735493235085503,0.0006664521390318731,0.00023735493235085503
full,2017-11-28,2021-07-20,2021-07-27,2021-08-17,0,,,,,,,,,,,0.0006052053641459034,0.0006735565681415614,5.083900205658502e-05,0.0006735565681415614,5.083900205658502e-05,0.0006273064201404398,5.0839002056585004e-05,0.0006735565681415614,5.0839002056585004e-05
full,2017-12-05,2021-07-27,2021-08-03,2021-08-24,0,,,,,,,,,,,0.0006010777368454458,0.0006719595919513697,9.116600383465738e-05,0.0006719595919513697,9.116600383465738e-05,0.0006257054761346383,9.116600383465736e-05,0.0006719595919513697,9.116600383465736e-05
full,2017-12-12,2021-08-03,2021-08-10,2021-09-07,0,,,,,,,,,,,0.0005962740682260656,0.0006722721909433477,0.00018828666069908306,0.0006722721909433477,0.00018828666069908306,0.0006260322621439604,0.00018828666069908306,0.0006722721909433477,0.00018828666069908306
full,2018-01-02,2021-08-10,2021-08-17,2021-09-14,0,,,,,,,,,,,0.0005955694525876293,0.000671407239272608,0.00033067108568479226,0.000671407239272608,0.00033067108568479226,0.0006250926502071566,0.00033067108568479226,0.000671407239272608,0.00033067108568479226
full,2018-01-16,2021-08-17,2021-08-24,2021-09-21,0,,,,,,,,,,,0.0005739249569679335,0.0006700680474397602,0.0007355062477048543,0.0006700680474397602,0.0007355062477048543,0.0006237243861541794,0.0007355062477048543,0.0006700680474397602,0.0007355062477048543
full,2018-01-23,2021-08-24,2021-09-07,2021-09-28,0,,,,,,,,,,,0.0005736551419197008,0.0006709982253079125,0.0006866291905797528,0.0006709982253079125,0.0006866291905797528,0.0006247557520730529,0.0006866291905797528,0.0006709982253079126,0.0006866291905797528
full,2018-01-30,2021-09-07,2021-09-14,2021-10-05,0,,,,,,,,,,,0.00057343565205553,0.0006725735299409807,0.000674804421831458,0.0006725735299409807,0.000674804421831458,0.0006263596895315499,0.000674804421831458,0.0006725735299409807,0.000674804421831458
full,2018-02-06,2021-09-14,2021-09-21,2021-10-12,0,,,,,,,,,,,0.0005191458940691459,0.0006540037113642432,0.00045775986711646817,0.0006540037113642432,0.00045775986711646817,0.0006078761948490421,0.00045775986711646817,0.0006540037113642433,0.00045775986711646817
full,2018-02-20,2021-09-21,2021-09-28,2021-10-19,0,,,,,,,,,,,0.000547312151997178,0.0006598319681724285,0.0002839431760933584,0.0006598319681724285,0.0002839431760933584,0.0006141307389582844,0.0002839431760933584,0.0006598319681724286,0.0002839431760933584
full,2018-02-27,2021-09-28,2021-10-05,2021-10-26,0,,,,,,,,,,,0.0005414060164097721,0.0006615564487459475,8.686190775203171e-05,0.0006615564487459475,8.686190775203171e-05,0.0006158218156999698,8.686190775203171e-05,0.0006615564487459475,8.686190775203171e-05
full,2018-03-06,2021-10-05,2021-10-12,2021-11-02,0,,,,,,,,,,,0.0005393672377779102,0.0006599145254168196,8.238828895897677e-05,0.0006599145254168196,8.238828895897677e-05,0.0006141404859323471,8.238828895897677e-05,0.0006599145254168196,8.238828895897677e-05
full,2018-03-13,2021-10-12,2021-10-19,2021-11-09,0,,,,,,,,,,,0.0005349943538864267,0.0006578080833613234,9.573215798556007e-05,0.0006578080833613234,9.573215798556007e-05,0.0006119373997470881,9.573215798556007e-05,0.0006578080833613234,9.573215798556007e-05
full,2018-03-20,2021-10-19,2021-10-26,2021-11-16,0,,,,,,,,,,,0.0005325156706860927,0.0006573216309218031,0.00023272921935845752,0.0006573216309218031,0.00023272921935845752,0.0006113961317945826,0.00023272921935845752,0.0006573216309218031,0.00023272921935845752
full,2018-04-03,2021-10-26,2021-11-02,2021-11-30,0,,,,,,,,,,,0.0005381940065941199,0.0006544313391364709,0.00024326352685467953,0.0006544313391364709,0.00024326352685467953,0.0006083579126375975,0.00024326352685467953,0.0006544313391364709,0.00024326352685467953
full,2018-04-10,2021-11-02,2021-11-09,2021-12-07,0,,,,,,,,,,,0.0005469945794929782,0.0006560480509329814,6.892012606344396e-05,0.0006560480509329814,6.892012606344396e-05,0.0006100359712779946,6.892012606344396e-05,0.0006560480509329814,6.892012606344396e-05
full,2018-04-17,2021-11-09,2021-11-16,2021-12-14,0,,,,,,,,,,,0.0005362403732604567,0.0006526647447213066,0.00010116861281231155,0.0006526647447213066,0.00010116861281231155,0.0006064788313456097,0.00010116861281231155,0.0006526647447213066,0.00010116861281231155
full,2018-04-24,2021-11-16,2021-11-30,2021-12-28,0,,,,,,,,,,,0.0005440447189075947,0.0006546177745221405,0.00013584261108113153,0.0006546177745221405,0.00013584261108113153,0.0006085000283680103,0.00013584261108113153,0.0006546177745221406,0.00013584261108113153
full,2018-05-01,2021-11-30,2021-12-07,2022-01-04,0,,,,,,,,,,,0.0005200148419750262,0.0006541295254248198,0.00016029718815308814,0.0006541295254248198,0.00016029718815308814,0.0006079725662317361,0.00016029718815308814,0.0006541295254248198,0.00016029718815308814
full,2018-05-08,2021-12-07,2021-12-14,2022-01-18,0,,,,,,,,,,,0.0005079166354397069,0.0006538585953112027,0.0004921449718625651,0.0006538585953112027,0.0004921449718625651,0.0006076852669358343,0.0004921449718625651,0.0006538585953112027,0.0004921449718625651
full,2018-05-15,2021-12-14,2021-12-28,2022-01-25,0,,,,,,,,,,,0.0005028399259960994,0.0006553848509962994,0.0005918661602342073,0.0006553848509962994,0.0005918661602342073,0.0006092610542002921,0.0005918661602342073,0.0006553848509962994,0.0005918661602342073
full,2018-05-29,2021-12-28,2022-01-04,2022-02-01,0,,,,,,,,,,,0.0005048738291685102,0.0006548627977282148,0.0004790879160508276,0.0006548627977282148,0.0004790879160508276,0.0006086877271031931,0.0004790879160508276,0.0006548627977282148,0.0004790879160508276
full,2018-06-05,2022-01-04,2022-01-18,2022-02-08,0,,,,,,,,,,,0.0005060382041130402,0.000655274953343696,0.0005143375812033827,0.000655274953343696,0.0005143375812033827,0.0006089790529059029,0.0005143375812033827,0.000655274953343696,0.0005143375812033827
full,2018-06-12,2022-01-18,2022-01-25,2022-02-22,0,,,,,,,,,,,0.0005358099282884697,0.0006688605275657894,1.054880397855072e-05,0.0006688605275657894,1.054880397855072e-05,0.0006228034368777405,1.054880397855072e-05,0.0006688605275657895,1.054880397855072e-05
full,2018-06-19,2022-01-25,2022-02-01,2022-03-01,0,,,,,,,,,,,0.0005307695189656712,0.0006687549270259404,0.00019076144889485435,0.0006687549270259404,0.00019076144889485435,0.0006226694267182045,0.00019076144889485435,0.0006687549270259405,0.00019076144889485435
full,2018-06-26,2022-02-01,2022-02-08,2022-03-08,0,,,,,,,,,,,0.0005209740875305644,0.0006671895602688362,0.00020149611831287882,0.0006671895602688362,0.00020149611831287882,0.0006209655154681882,0.00020149611831287882,0.0006671895602688362,0.00020149611831287882
full,2018-07-10,2022-02-08,2022-02-22,2022-03-15,0,,,,,,,,,,,0.0005101312915447563,0.0006672345392371522,0.0009724415424697364,0.0006672345392371522,0.0009724415424697364,0.0006209938943235029,0.0009724415424697364,0.0006672345392371522,0.0009724415424697364
full,2018-07-17,2022-02-22,2022-03-01,2022-03-22,0,,,,,,,,,,,0.0004994078667902443,0.0006668789728157211,0.0009705613901591797,0.0006668789728157211,0.0009705613901591797,0.0006205448722156779,0.0009705613901591797,0.0006668789728157211,0.0009705613901591797
full,2018-07-24,2022-03-01,2022-03-08,2022-03-29,0,,,,,,,,,,,0.0004929289338873148,0.0006722251119697129,0.0005284526732281812,0.0006722251119697129,0.0005284526732281812,0.0006254894184430581,0.0005284526732281812,0.0006722251119697129,0.0005284526732281812
full,2018-07-31,2022-03-08,2022-03-15,2022-04-05,0,,,,,,,,,,,0.00048780876839367096,0.0006715280333966867,0.0011060685129404698,0.0006715280333966867,0.0011060685129404698,0.0006247111227117472,0.0011060685129404698,0.0006715280333966867,0.0011060685129404698
full,2018-08-07,2022-03-15,2022-03-22,2022-04-19,0,,,,,,,,,,,0.0005104707884350586,0.0006841903125924512,0.00029470384997291047,0.0006841903125924512,0.00029470384997291047,0.0006375817537980311,0.00029470384997291047,0.0006841903125924512,0.00029470384997291047
full,2018-08-14,2022-03-22,2022-03-29,2022-04-26,0,,,,,,,,,,,0.0005060978070902192,0.0006835454716504082,0.00026544936164390055,0.0006835454716504082,0.00026544936164390055,0.0006369077376911039,0.00026544936164390055,0.0006835454716504082,0.00026544936164390055
full,2018-08-21,2022-03-29,2022-04-05,2022-05-03,0,,,,,,,,,,,0.0005070686237365419,0.0006824841286492223,7.658796820640763e-05,0.0006824841286492223,7.658796820640763e-05,0.000635811051675851,7.658796820640763e-05,0.0006824841286492223,7.658796820640763e-05
full,2018-09-04,2022-04-05,2022-04-19,2022-05-10,0,,,,,,,,,,,0.000539428775776476,0.0006900051445530694,0.0002963009508346716,0.0006900051445530694,0.0002963009508346716,0.0006435926194528718,0.0002963009508346716,0.0006900051445530694,0.0002963009508346716
full,2018-09-11,2022-04-19,2022-04-26,2022-05-17,0,,,,,,,,,,,0.0005379804973142713,0.0006913713827755522,0.0004269198835523168,0.0006913713827755522,0.0004269198835523168,0.000644928491313664,0.0004269198835523168,0.0006913713827755523,0.0004269198835523168
full,2018-09-18,2022-04-26,2022-05-03,2022-05-31,0,,,,,,,,,,,0.0005348152282433562,0.0006984782946949852,0.000271946156844201,0.0006984782946949852,0.000271946156844201,0.0006520636509608443,0.000271946156844201,0.0006984782946949852,0.000271946156844201
full,2018-09-25,2022-05-03,2022-05-10,2022-06-07,0,,,,,,,,,,,0.0005186785283190134,0.0007047292206298251,0.0018722935860684623,0.0007047292206298251,0.0018722935860684623,0.0006583722296660424,0.0018722935860684623,0.000704729220629825,0.0018722935860684623
full,2018-10-02,2022-05-10,2022-05-17,2022-06-21,0,,,,,,,,,,,0.0005053819296197055,0.0007041829155896419,0.003069484690760634,0.0007041829155896419,0.003069484690760634,0.0006577430205713243,0.003069484690760634,0.0007041829155896419,0.003069484690760634
full,2018-10-09,2022-05-17,2022-05-31,2022-07-05,0,,,,,,,,,,,0.0004984227442749387,0.0007023638335321334,0.003009898570642569,0.0007023638335321334,0.003009898570642569,0.000655868293664667,0.003009898570642569,0.0007023638335321335,0.003009898570642569
full,2018-10-16,2022-05-31,2022-06-07,2022-07-12,0,,,,,,,,,,,0.0004885947779680109,0.0006927180871701038,0.0030425230286317186,0.0006927180871701038,0.0030425230286317186,0.0006459419137766346,0.0030425230286317186,0.0006927180871701038,0.0030425230286317186
full,2018-10-23,2022-06-07,2022-06-21,2022-07-19,0,,,,,,,,,,,0.0005461253036295993,0.0007396492318140575,0.0007301419411018694,0.0007396492318140575,0.0007301419411018694,0.0006920749440147918,0.0007301419411018694,0.0007396492318140575,0.0007301419411018694
full,2018-10-30,2022-06-21,2022-07-05,2022-07-26,0,,,,,,,,,,,0.0005310119128882323,0.0007467066993518051,0.0006049306496338871,0.0007467066993518051,0.0006049306496338871,0.0006988537225881575,0.0006049306496338871,0.0007467066993518051,0.0006049306496338871
full,2018-11-06,2022-07-05,2022-07-12,2022-08-02,0,,,,,,,,,,,0.0004877819385738158,0.0007372607822749932,0.00044541544157940456,0.0007372607822749932,0.00044541544157940456,0.0006891747708045824,0.00044541544157940456,0.0007372607822749933,0.00044541544157940456
full,2018-11-13,2022-07-12,2022-07-19,2022-08-09,0,,,,,,,,,,,0.0004879449366839108,0.0007368246334191402,0.0002759944159192817,0.0007368246334191402,0.0002759944159192817,0.0006886666157347785,0.0002759944159192817,0.0007368246334191403,0.0002759944159192817
full,2018-11-27,2022-07-19,2022-07-26,2022-08-16,0,,,,,,,,,,,0.0004996399197220855,0.0007460121093269643,0.0012965336853159434,0.0007460121093269643,0.0012965336853159434,0.000698157166064045,0.0012965336853159434,0.0007460121093269643,0.0012965336853159434
full,2018-12-11,2022-07-26,2022-08-02,2022-08-23,0,,,,,,,,,,,0.000510959475541189,0.0007514966090369551,0.000987331379370593,0.0007514966090369551,0.000987331379370593,0.0007036799090404241,0.000987331379370593,0.0007514966090369549,0.000987331379370593
full,2018-12-18,2022-08-02,2022-08-09,2022-09-06,0,,,,,,,,,,,0.0004924439977317698,0.0007431956107566721,0.0014841254005878233,0.0007431956107566721,0.0014841254005878233,0.0006950916932780935,0.0014841254005878233,0.0007431956107566722,0.0014841254005878233
full,2019-01-08,2022-08-09,2022-08-16,2022-09-13,0,,,,,,,,,,,0.00044799490861989455,0.0007211640574841553,0.0015099312734526513,0.0007211640574841553,0.0015099312734526513,0.0006732215157654044,0.0015099312734526513,0.0007211640574841553,0.0015099312734526513
full,2019-01-22,2022-08-16,2022-08-23,2022-09-20,0,,,,,,,,,,,0.00045635298548314505,0.00072938257337334,0.0027488420332103104,0.00072938257337334,0.0027488420332103104,0.0006816817559167434,0.0027488420332103104,0.0007293825733733401,0.0027488420332103104
full,2019-01-29,2022-08-23,2022-09-06,2022-09-27,0,,,,,,,,,,,0.00044824253504459344,0.0007309362335385608,0.0033721155907338505,0.0007309362335385608,0.0033721155907338505,0.0006832592702962938,0.0033721155907338505,0.0007309362335385608,0.0033721155907338505
full,2019-02-05,2022-09-06,2022-09-13,2022-10-04,0,,,,,,,,,,,0.0004513494375979728,0.0007370165487408102,0.0020660181975198054,0.0007370165487408102,0.0020660181975198054,0.0006894402902449336,0.0020660181975198054,0.0007370165487408102,0.0020660181975198054
full,2019-02-19,2022-09-13,2022-09-20,2022-10-11,0,,,,,,,,,,,0.0004666121444802052,0.0007509973982558888,0.002435718038572716,0.0007509973982558888,0.002435718038572716,0.0007036179620438427,0.002435718038572716,0.0007509973982558888,0.002435718038572716
full,2019-02-26,2022-09-20,2022-09-27,2022-10-18,0,,,,,,,,,,,0.000580844961502909,0.000795929079701681,0.00024545566758258784,0.000795929079701681,0.00024545566758258784,0.0007479897708085942,0.00024545566758258784,0.0007959290797016811,0.00024545566758258784
full,2019-03-05,2022-09-27,2022-10-04,2022-10-25,0,,,,,,,,,,,0.0005587340373439933,0.0007984484672966309,0.0004061001306730771,0.0007984484672966309,0.0004061001306730771,0.0007505594820022454,0.0004061001306730771,0.0007984484672966309,0.0004061001306730771
full,2019-03-12,2022-10-04,2022-10-11,2022-11-01,0,,,,,,,,,,,0.0005329361791097335,0.0007984422363656119,0.0002682775947804427,0.0007984422363656119,0.0002682775947804427,0.0007504436486479838,0.0002682775947804427,0.0007984422363656119,0.0002682775947804427
full,2019-03-19,2022-10-11,2022-10-18,2022-11-08,0,,,,,,,,,,,0.0005066381442179095,0.0008000546602582688,0.00026964135493457727,0.0008000546602582688,0.00026964135493457727,0.0007520692327159352,0.00026964135493457727,0.0008000546602582688,0.00026964135493457727
full,2019-03-26,2022-10-18,2022-10-25,2022-11-15,0,,,,,,,,,,,0.000506339169661244,0.0007977989847294434,0.0003916430377805295,0.0007977989847294434,0.0003916430377805295,0.0007495925922344055,0.0003916430377805295,0.0007977989847294436,0.0003916430377805295
full,2019-04-02,2022-10-25,2022-11-01,2022-11-29,0,,,,,,,,,,,0.0005058577478239358,0.0008010285779855207,0.0001294470077936318,0.0008010285779855207,0.0001294470077936318,0.0007526585001089636,0.0001294470077936318,0.0008010285779855207,0.0001294470077936318
full,2019-04-09,2022-11-01,2022-11-08,2022-12-06,0,,,,,,,,,,,0.0004916461343386208,0.0008000735699383915,0.0001320242642331196,0.0008000735699383915,0.0001320242642331196,0.0007516121723482227,0.0001320242642331196,0.0008000735699383916,0.0001320242642331196
full,2019-04-23,2022-11-08,2022-11-15,2022-12-13,0,,,,,,,,,,,0.0004675764331333737,0.0008025572894439547,0.0003876299886479549,0.0008025572894439547,0.0003876299886479549,0.0007540553959510903,0.0003876299886479549,0.0008025572894439548,0.0003876299886479549
full,2019-04-30,2022-11-15,2022-11-29,2023-01-03,0,,,,,,,,,,,0.00046633755967297083,0.0008018273546713246,0.000874082834045541,0.0008018273546713246,0.000874082834045541,0.0007533820104570406,0.000874082834045541,0.0008018273546713246,0.000874082834045541
full,2019-05-07,2022-11-29,2022-12-06,2023-01-17,0,,,,,,,,,,,0.0004595257436496188,0.0008019680972815159,0.000862665157815852,0.0008019680972815159,0.000862665157815852,0.0007534897576417143,0.000862665157815852,0.0008019680972815159,0.000862665157815852
full,2019-05-14,2022-12-06,2022-12-13,2023-01-24,0,,,,,,,,,,,0.00045209493160534885,0.0007924391636144744,0.0008611536852152674,0.0007924391636144744,0.0008611536852152674,0.000743549164975751,0.0008611536852152674,0.0007924391636144744,0.0008611536852152674
full,2019-05-28,2022-12-13,2023-01-03,2023-01-31,0,,,,,,,,,,,0.0004577618894028053,0.0008025137065177276,0.000266497926820266,0.0008025137065177276,0.000266497926820266,0.0007538556353124456,0.000266497926820266,0.0008025137065177277,0.000266497926820266
full,2019-06-04,2023-01-03,2023-01-17,2023-02-07,0,,,,,,,,,,,0.0004699778629841798,0.0008056827186059681,0.0001383972139895041,0.0008056827186059681,0.0001383972139895041,0.0007568535302984007,0.0001383972139895041,0.0008056827186059682,0.0001383972139895041
full,2019-06-11,2023-01-17,2023-01-24,2023-02-21,0,,,,,,,,,,,0.00045684330270217595,0.0007985756565166148,0.0003585961526814544,0.0007985756565166148,0.0003585961526814544,0.0007495562087744512,0.0003585961526814544,0.0007985756565166148,0.0003585961526814544
full,2019-06-18,2023-01-24,2023-01-31,2023-02-28,0,,,,,,,,,,,0.00045645355904650034,0.0007985718939211343,0.00036691383786576,0.0007985718939211343,0.00036691383786576,0.0007495402073800022,0.00036691383786576,0.0007985718939211343,0.00036691383786576
full,2019-06-25,2023-01-31,2023-02-07,2023-03-07,0,,,,,,,,,,,0.0004550875411367506,0.0008013662752625109,0.0010671849828778526,0.0008013662752625109,0.0010671849828778526,0.0007522949147678361,0.0010671849828778526,0.0008013662752625109,0.0010671849828778526
full,2019-07-09,2023-02-07,2023-02-21,2023-03-14,0,,,,,,,,,,,0.0004526921671746873,0.0007992404501891037,0.0010683649896360446,0.0007992404501891037,0.0010683649896360446,0.0007500073085411097,0.0010683649896360446,0.0007992404501891037,0.0010683649896360446
full,2019-07-16,2023-02-21,2023-02-28,2023-03-21,0,,,,,,,,,,,0.0004449274797545406,0.0008021501828867246,0.0012000832204756796,0.0008021501828867246,0.0012000832204756796,0.0007528958181244298,0.0012000832204756796,0.0008021501828867247,0.0012000832204756796
full,2019-07-23,2023-02-28,2023-03-07,2023-03-28,0,,,,,,,,,,,0.0004516585861386571,0.0008022729464906538,0.0016938884984139717,0.0008022729464906538,0.0016938884984139717,0.0007529486332182182,0.0016938884984139717,0.0008022729464906538,0.0016938884984139717
full,2019-07-30,2023-03-07,2023-03-14,2023-04-11,0,,,,,,,,,,,0.00046832265497680914,0.0008274788122645531,0.00019310868870981148,0.0008274788122645531,0.00019310868870981148,0.0007778235681074933,0.00019310868870981148,0.0008274788122645531,0.00019310868870981148
full,2019-08-06,2023-03-14,2023-03-21,2023-04-18,0,,,,,,,,,,,0.00042858649182309593,0.0008100558068481301,0.00027062952853534737,0.0008100558068481301,0.00027062952853534737,0.0007599341000238436,0.00027062952853534737,0.0008100558068481303,0.00027062952853534737
full,2019-08-13,2023-03-21,2023-03-28,2023-04-25,0,,,,,,,,,,,0.0004253201732057553,0.0008101755069262976,0.0003548605704471384,0.0008101755069262976,0.0003548605704471384,0.0007599553158199838,0.0003548605704471384,0.0008101755069262976,0.0003548605704471384
full,2019-08-20,2023-03-28,2023-04-11,2023-05-02,0,,,,,,,,,,,0.0004699668173825733,0.0008169178028016278,0.00011088282689002166,0.0008169178028016278,0.00011088282689002166,0.0007667954845129675,0.00011088282689002166,0.0008169178028016278,0.00011088282689002166
full,2019-09-03,2023-04-11,2023-04-18,2023-05-09,0,,,,,,,,,,,0.00047884969559776103,0.000816186650052244,9.646577379725225e-06,0.000816186650052244,9.646577379725225e-06,0.000765921622437565,9.646577379725225e-06,0.000816186650052244,9.646577379725225e-06
full,2019-09-10,2023-04-18,2023-04-25,2023-05-16,0,,,,,,,,,,,0.00048063862244374843,0.0008140547641064337,7.668273530731641e-05,0.0008140547641064337,7.668273530731641e-05,0.0007636474532596398,7.668273530731641e-05,0.0008140547641064338,7.668273530731641e-05
full,2019-09-17,2023-04-25,2023-05-02,2023-05-30,0,,,,,,,,,,,0.0004801863683350586,0.0008111312298801964,0.0001461961365664464,0.0008111312298801964,0.0001461961365664464,0.0007603824532590908,0.0001461961365664464,0.0008111312298801964,0.0001461961365664464
full,2019-09-24,2023-05-02,2023-05-09,2023-06-06,0,,,,,,,,,,,0.0004814967092332306,0.0008108632662830199,0.00015425732519284266,0.0008108632662830199,0.00015425732519284266,0.0007599003680108798,0.00015425732519284266,0.0008108632662830199,0.00015425732519284266
full,2019-10-01,2023-05-09,2023-05-16,2023-06-20,0,,,,,,,,,,,0.0005299557929653955,0.0008102471801593325,0.0004793049700582195,0.0008102471801593325,0.0004793049700582195,0.0007590367405491917,0.0004793049700582195,0.0008102471801593325,0.0004793049700582195
full,2019-10-08,2023-05-16,2023-05-30,2023-06-27,0,,,,,,,,,,,0.0005324272480913587,0.0008092996811936603,0.0006453280095795416,0.0008092996811936603,0.0006453280095795416,0.0007579529361271276,0.0006453280095795416,0.0008092996811936604,0.0006453280095795416
full,2019-10-15,2023-05-30,2023-06-06,2023-07-11,0,,,,,,,,,,,0.0006040873786509035,0.000811178341090236,0.0006566010370590048,0.000811178341090236,0.0006566010370590048,0.0007597909215861108,0.0006566010370590048,0.000811178341090236,0.0006566010370590048
full,2019-10-22,2023-06-06,2023-06-20,2023-07-18,0,,,,,,,,,,,0.0006108507612405082,0.0008139712926778112,0.0006011157606139117,0.0008139712926778112,0.0006011157606139117,0.0007626778875102535,0.0006011157606139117,0.0008139712926778112,0.0006011157606139117
full,2019-10-29,2023-06-20,2023-06-27,2023-07-25,0,,,,,,,,,,,0.000617887429507611,0.0008164399628336465,0.00010429754991370082,0.0008164399628336465,0.00010429754991370082,0.0007651790514575069,0.00010429754991370082,0.0008164399628336465,0.00010429754991370082
full,2019-11-05,2023-06-27,2023-07-11,2023-08-01,0,,,,,,,,,,,0.0006480351321012543,0.000822928024637912,0.00025996487658819445,0.000822928024637912,0.00025996487658819445,0.0007719524515961331,0.00025996487658819445,0.0008229280246379122,0.00025996487658819445
full,2019-11-12,2023-07-11,2023-07-18,2023-08-08,0,,,,,,,,,,,0.000653784283772276,0.0008259074221192467,0.00030313254353882865,0.0008259074221192467,0.00030313254353882865,0.0007749738005526202,0.00030313254353882865,0.0008259074221192467,0.00030313254353882865
full,2019-11-19,2023-07-18,2023-07-25,2023-08-15,0,,,,,,,,,,,0.0006633204474496743,0.0008282063464639491,0.00023418667185224533,0.0008282063464639491,0.00023418667185224533,0.0007771585044259132,0.00023418667185224533,0.000828206346463949,0.00023418667185224533
full,2019-12-03,2023-07-25,2023-08-01,2023-08-22,0,,,,,,,,,,,0.000666120368571598,0.0008284663120641283,0.00024275898968078997,0.0008284663120641283,0.00024275898968078997,0.0007774280655273688,0.00024275898968078997,0.0008284663120641284,0.00024275898968078997
full,2019-12-10,2023-08-01,2023-08-08,2023-09-05,0,,,,,,,,,,,0.000663178878661574,0.0008291735604923879,0.0002828557838905747,0.0008291735604923879,0.0002828557838905747,0.0007781329354028246,0.0002828557838905747,0.0008291735604923879,0.0002828557838905747
full,2019-12-17,2023-08-08,2023-08-15,2023-09-12,0,,,,,,,,,,,0.000658795201372438,0.0008299678387860774,0.0003123588941585954,0.0008299678387860774,0.0003123588941585954,0.0007790134251695407,0.0003123588941585954,0.0008299678387860774,0.0003123588941585954
full,2020-01-07,2023-08-15,2023-08-22,2023-09-19,0,,,,,,,,,,,0.0006597243144732315,0.0008343226458055185,0.00024944113896024336,0.0008343226458055185,0.00024944113896024336,0.0007835446586014605,0.00024944113896024336,0.0008343226458055186,0.00024944113896024336
full,2020-01-21,2023-08-22,2023-09-05,2023-09-26,0,,,,,,,,,,,0.0006730146841487849,0.0008347031827631479,8.920625610395009e-05,0.0008347031827631479,8.920625610395009e-05,0.0007839477474063307,8.920625610395009e-05,0.0008347031827631479,8.920625610395009e-05
full,2020-01-28,2023-09-05,2023-09-12,2023-10-03,0,,,,,,,,,,,0.0006875325172112892,0.0008320125936227497,0.0001398229538808769,0.0008320125936227497,0.0001398229538808769,0.00078102785538148,0.0001398229538808769,0.0008320125936227497,0.0001398229538808769
full,2020-02-04,2023-09-12,2023-09-19,2023-10-10,0,,,,,,,,,,,0.000686738309387627,0.0008313912151568501,0.00020784247693333093,0.0008313912151568501,0.00020784247693333093,0.0007803590038805813,0.00020784247693333093,0.0008313912151568504,0.00020784247693333093
full,2020-02-18,2023-09-19,2023-09-26,2023-10-17,0,,,,,,,,,,,0.0006874319528987404,0.0008320643141814246,0.00044221153830555966,0.0008320643141814246,0.00044221153830555966,0.0007811038600453549,0.00044221153830555966,0.0008320643141814246,0.00044221153830555966
full,2020-02-25,2023-09-26,2023-10-03,2023-10-24,0,,,,,,,,,,,0.0006796398715628908,0.0008254389960758707,0.00042111999751376713,0.0008254389960758707,0.00042111999751376713,0.0007741236589420578,0.00042111999751376713,0.0008254389960758707,0.00042111999751376713
full,2020-03-03,2023-10-03,2023-10-10,2023-10-31,0,,,,,,,,,,,0.0006757928048526061,0.000800755901298739,0.0013248109139159144,0.000800755901298739,0.0013248109139159144,0.0007491768005372765,0.0013248109139159144,0.0008007559012987392,0.0013248109139159144
full,2020-03-10,2023-10-10,2023-10-17,2023-11-07,0,,,,,,,,,,,0.0006741174539551917,0.0007399978372359818,0.0013410554057696224,0.0007399978372359818,0.0013410554057696224,0.0006912700916713252,0.0013410554057696224,0.0007399978372359818,0.0013410554057696224
full,2020-03-17,2023-10-17,2023-10-24,2023-11-14,0,,,,,,,,,,,0.000665771097252932,0.0007107831554684784,0.0009455896224938288,0.0007107831554684784,0.0009455896224938288,0.0006635976903378115,0.0009455896224938288,0.0007107831554684784,0.0009455896224938288
full,2020-03-24,2023-10-24,2023-10-31,2023-11-28,0,,,,,,,,,,,0.0006632959988131897,0.000698470744519225,0.0006533089856511082,0.000698470744519225,0.0006533089856511082,0.0006519367137549415,0.0006533089856511082,0.000698470744519225,0.0006533089856511082
full,2020-03-31,2023-10-31,2023-11-07,2023-12-05,0,,,,,,,,,,,0.0006667039605058719,0.0006720117897119039,0.0005821636598141812,0.0006720117897119039,0.0005821636598141812,0.0006276205856868531,0.0005821636598141812,0.0006720117897119039,0.0005821636598141812
full,2020-04-14,2023-11-07,2023-11-14,2023-12-12,0,,,,,,,,,,,0.0006626815840644893,0.0006708302286811292,0.00034645097390287685,0.0006708302286811292,0.00034645097390287685,0.0006267158358581854,0.00034645097390287685,0.0006708302286811291,0.00034645097390287685
full,2020-04-21,2023-11-14,2023-11-28,2024-01-02,0,,,,,,,,,,,0.0006719049801498474,0.0006797487659212368,0.0004779758116210571,0.0006797487659212368,0.0004779758116210571,0.0006358559632320797,0.0004779758116210571,0.0006797487659212368,0.0004779758116210571
full,2020-04-28,2023-11-28,2023-12-05,2024-01-16,0,,,,,,,,,,,0.0006804922828817126,0.0006777004399371686,0.00034261228330401036,0.0006777004399371686,0.00034261228330401036,0.0006337535063048153,0.00034261228330401036,0.0006777004399371686,0.00034261228330401036
full,2020-05-05,2023-12-05,2023-12-12,2024-01-23,0,,,,,,,,,,,0.0006857292806113751,0.0006769135050644849,0.0003143753579678966,0.0006769135050644849,0.0003143753579678966,0.0006330005244101456,0.0003143753579678966,0.0006769135050644849,0.0003143753579678966
full,2020-05-12,2023-12-12,2024-01-02,2024-01-30,0,,,,,,,,,,,0.0006952930689379146,0.0006820012386593639,0.0003495423117307344,0.0006820012386593639,0.0003495423117307344,0.0006386890563257717,0.0003495423117307344,0.0006820012386593639,0.0003495423117307344
full,2020-05-26,2024-01-02,2024-01-16,2024-02-06,0,,,,,,,,,,,0.000711784294239014,0.0006824513503324547,0.0005375094729798966,0.0006824513503324547,0.0005375094729798966,0.0006392160583246759,0.0005375094729798966,0.0006824513503324548,0.0005375094729798966
full,2020-06-02,2024-01-16,2024-01-23,2024-02-20,0,,,,,,,,,,,0.0007123137032108773,0.000669901365394954,0.0005410964284756299,0.000669901365394954,0.0005410964284756299,0.0006265736305573508,0.0005410964284756299,0.000669901365394954,0.0005410964284756299
full,2020-06-09,2024-01-23,2024-01-30,2024-02-27,0,,,,,,,,,,,0.000694326250590513,0.0006161327900356119,0.0005163286014327437,0.0006161327900356119,0.0005163286014327437,0.0005773015508855515,0.0005163286014327437,0.0006161327900356119,0.0005163286014327437
full,2020-06-16,2024-01-30,2024-02-06,2024-03-05,0,,,,,,,,,,,0.0006844935627354577,0.0005989009492955249,0.00015412677438412544,0.0005989009492955249,0.00015412677438412544,0.0005604437610024517,0.00015412677438412544,0.0005989009492955249,0.00015412677438412544
full,2020-06-23,2024-02-06,2024-02-20,2024-03-12,0,,,,,,,,,,,0.0006853395530020243,0.0006035819103231241,7.955851068710786e-05,0.0006035819103231241,7.955851068710786e-05,0.0005653093225959306,7.955851068710786e-05,0.0006035819103231241,7.955851068710786e-05
full,2020-07-07,2024-02-20,2024-02-27,2024-03-19,0,,,,,,,,,,,0.0006817763097500066,0.0006005454601437639,0.000144918149723846,0.0006005454601437639,0.000144918149723846,0.000562194030043801,0.000144918149723846,0.0006005454601437639,0.000144918149723846
full,2020-07-14,2024-02-27,2024-03-05,2024-04-02,0,,,,,,,,,,,0.0006772622651450751,0.0005978176688054116,0.00015216909877536222,0.0005978176688054116,0.00015216909877536222,0.000559322937048505,0.00015216909877536222,0.0005978176688054117,0.00015216909877536222
full,2020-07-21,2024-03-05,2024-03-12,2024-04-09,0,,,,,,,,,,,0.0006761001550186363,0.0005919477441182822,0.0005455891460265318,0.0005919477441182822,0.0005455891460265318,0.0005534592831335527,0.0005455891460265318,0.0005919477441182823,0.0005455891460265318
full,2020-07-28,2024-03-12,2024-03-19,2024-04-16,0,,,,,,,,,,,0.0006742893541594992,0.0005922554200736719,0.0005720371913089975,0.0005922554200736719,0.0005720371913089975,0.0005538676833972288,0.0005720371913089975,0.0005922554200736719,0.0005720371913089975
full,2020-08-04,2024-03-19,2024-04-02,2024-04-23,0,,,,,,,,,,,0.0006765371657927162,0.0005938940120004976,0.0004810792609045255,0.0005938940120004976,0.0004810792609045255,0.0005556204174619421,0.0004810792609045255,0.0005938940120004976,0.0004810792609045255
full,2020-08-11,2024-04-02,2024-04-09,2024-04-30,0,,,,,,,,,,,0.0006730615861497393,0.0005835168858383874,0.0006391501774806121,0.0005835168858383874,0.0006391501774806121,0.0005452324076400948,0.0006391501774806121,0.0005835168858383874,0.0006391501774806121
full,2020-08-18,2024-04-09,2024-04-16,2024-05-07,0,,,,,,,,,,,0.0006753550288398806,0.0005940701139823708,3.960852400345086e-05,0.0005940701139823708,3.960852400345086e-05,0.0005561365830540103,3.960852400345086e-05,0.0005940701139823708,3.960852400345086e-05
full,2020-08-25,2024-04-16,2024-04-23,2024-05-14,0,,,,,,,,,,,0.0006756707947171656,0.0005939395765883129,1.0630038984850414e-05,0.0005939395765883129,1.0630038984850414e-05,0.0005560355666891792,1.0630038984850414e-05,0.0005939395765883128,1.0630038984850414e-05
full,2020-09-08,2024-04-23,2024-04-30,2024-05-28,0,,,,,,,,,,,0.0006780619042490118,0.0005944481600275998,6.081934656541033e-05,0.0005944481600275998,6.081934656541033e-05,0.0005564943026811304,6.081934656541033e-05,0.0005944481600275997,6.081934656541033e-05
full,2020-09-15,2024-04-30,2024-05-07,2024-06-04,0,,,,,,,,,,,0.0006832179163574871,0.000595704897593,9.171249536022516e-05,0.000595704897593,9.171249536022516e-05,0.0005577288645639191,9.171249536022516e-05,0.0005957048975930001,9.171249536022516e-05
full,2020-09-22,2024-05-07,2024-05-14,2024-06-11,0,,,,,,,,,,,0.0006789302208485256,0.0005868419351217986,7.770812433192385e-05,0.0005868419351217986,7.770812433192385e-05,0.0005487200479446122,7.770812433192385e-05,0.0005868419351217986,7.770812433192385e-05
full,2020-09-29,2024-05-14,2024-05-28,2024-06-25,0,,,,,,,,,,,0.0006851247831051147,0.0005867095548596696,1.1694061987365023e-05,0.0005867095548596696,1.1694061987365023e-05,0.0005485398128295405,1.1694061987365023e-05,0.0005867095548596696,1.1694061987365023e-05
full,2020-10-06,2024-05-28,2024-06-04,2024-07-09,0,,,,,,,,,,,0.0006872817822714131,0.000581840216294055,0.0005732127171111807,0.000581840216294055,0.0005732127171111807,0.0005435769479016665,0.0005732127171111807,0.0005818402162940551,0.0005732127171111807
full,2020-10-13,2024-06-04,2024-06-11,2024-07-16,0,,,,,,,,,,,0.0006844944886138104,0.0005769310697130972,0.0004907228337689797,0.0005769310697130972,0.0004907228337689797,0.0005386393577962568,0.0004907228337689797,0.0005769310697130973,0.0004907228337689797
full,2020-10-20,2024-06-11,2024-06-25,2024-07-23,0,,,,,,,,,,,0.0006785247903606789,0.0005734843116219515,0.0004358434808970895,0.0005734843116219515,0.0004358434808970895,0.0005352130996785552,0.0004358434808970895,0.0005734843116219516,0.0004358434808970895
full,2020-10-27,2024-06-25,2024-07-09,2024-07-30,0,,,,,,,,,,,0.0006772870111355453,0.000574057027667792,0.0016813501327056243,0.000574057027667792,0.0016813501327056243,0.0005358141967205525,0.0016813501327056243,0.000574057027667792,0.0016813501327056243
full,2020-11-03,2024-07-09,2024-07-16,2024-08-06,0,,,,,,,,,,,0.0006768156001667974,0.0005810125221927512,0.001094831449172515,0.0005810125221927512,0.001094831449172515,0.0005428152466708878,0.001094831449172515,0.0005810125221927513,0.001094831449172515
full,2020-11-10,2024-07-16,2024-07-23,2024-08-13,0,,,,,,,,,,,0.000652151323852237,0.0005623917327317106,0.0017479254053164802,0.0005623917327317106,0.0017479254053164802,0.0005245824946897061,0.0017479254053164802,0.0005623917327317106,0.0017479254053164802
full,2020-11-17,2024-07-23,2024-07-30,2024-08-20,0,,,,,,,,,,,0.0006520353653395724,0.0005539845651369534,0.0018150273775694081,0.0005539845651369534,0.0018150273775694081,0.0005160882023090794,0.0018150273775694081,0.0005539845651369535,0.0018150273775694081
full,2020-12-01,2024-07-30,2024-08-06,2024-09-03,0,,,,,,,,,,,0.0006502494527445156,0.0005759383990144354,0.0009225972046916555,0.0005759383990144354,0.0009225972046916555,0.0005380575858035502,0.0009225972046916555,0.0005759383990144354,0.0009225972046916555
full,2020-12-08,2024-08-06,2024-08-13,2024-09-10,0,,,,,,,,,,,0.0006476876549054377,0.000569776806104058,0.0010353141595921926,0.000569776806104058,0.0010353141595921926,0.0005318096495130479,0.0010353141595921926,0.000569776806104058,0.0010353141595921926
full,2020-12-15,2024-08-13,2024-08-20,2024-09-17,0,,,,,,,,,,,0.0006574061024723496,0.0005808511008320786,0.0006940385200226721,0.0005808511008320786,0.0006940385200226721,0.0005429519450568741,0.0006940385200226721,0.0005808511008320786,0.0006940385200226721
full,2021-01-05,2024-08-20,2024-09-03,2024-09-24,0,,,,,,,,,,,0.0006560248069074689,0.0005820625067570224,0.0006597089290781275,0.0005820625067570224,0.0006597089290781275,0.0005442093697002596,0.0006597089290781275,0.0005820625067570226,0.0006597089290781275
full,2021-01-19,2024-09-03,2024-09-10,2024-10-01,0,,,,,,,,,,,0.0006525252932590023,0.0005767156029864847,0.00030800913630101506,0.0005767156029864847,0.00030800913630101506,0.0005391840277060166,0.00030800913630101506,0.0005767156029864847,0.00030800913630101506
full,2021-01-26,2024-09-10,2024-09-17,2024-10-08,0,,,,,,,,,,,0.0006542185660798468,0.000582335960575896,0.0002266874075659201,0.000582335960575896,0.0002266874075659201,0.0005449599803512932,0.0002266874075659201,0.000582335960575896,0.0002266874075659201
full,2021-02-02,2024-09-17,2024-09-24,2024-10-15,0,,,,,,,,,,,0.0006643550010113458,0.0005800023638679341,0.00023093527132258043,0.0005800023638679341,0.00023093527132258043,0.0005426181300091368,0.00023093527132258043,0.0005800023638679341,0.00023093527132258043
full,2021-02-16,2024-09-24,2024-10-01,2024-10-22,0,,,,,,,,,,,0.000653302372243405,0.0005627181138618468,0.00024320131278192784,0.0005627181138618468,0.00024320131278192784,0.0005256166057798072,0.00024320131278192784,0.0005627181138618468,0.00024320131278192784
full,2021-02-23,2024-10-01,2024-10-08,2024-10-29,0,,,,,,,,,,,0.0006798464063974578,0.0005636894924554744,0.0002341025840087075,0.0005636894924554744,0.0002341025840087075,0.0005267018604057261,0.0002341025840087075,0.0005636894924554745,0.0002341025840087075
full,2021-03-02,2024-10-08,2024-10-15,2024-11-05,0,,,,,,,,,,,0.0006948729757627698,0.0005669580585268574,0.0006610313433537398,0.0005669580585268574,0.0006610313433537398,0.0005300193450004648,0.0006610313433537398,0.0005669580585268574,0.0006610313433537398
full,2021-03-09,2024-10-15,2024-10-22,2024-11-12,0,,,,,,,,,,,0.0006930075415402237,0.0005668829688159591,0.0009773075691212544,0.0005668829688159591,0.0009773075691212544,0.0005301632690094277,0.0009773075691212544,0.0005668829688159591,0.0009773075691212544
full,2021-03-16,2024-10-22,2024-10-29,2024-11-19,0,,,,,,,,,,,0.0007033018763557135,0.0005581742892676262,0.0013162542870629795,0.0005581742892676262,0.0013162542870629795,0.000521474433099141,0.0013162542870629795,0.0005581742892676262,0.0013162542870629795
full,2021-03-23,2024-10-29,2024-11-05,2024-12-03,0,,,,,,,,,,,0.0006884744765042149,0.0005544959555720316,0.001291971911574735,0.0005544959555720316,0.001291971911574735,0.0005177106687302192,0.001291971911574735,0.0005544959555720316,0.001291971911574735
full,2021-04-06,2024-11-05,2024-11-12,2024-12-10,0,,,,,,,,,,,0.000772489770621032,0.0005668263693521952,0.0008864715342571822,0.0005668263693521952,0.0008864715342571822,0.0005294968067264781,0.0008864715342571822,0.0005668263693521952,0.0008864715342571822
full,2021-04-13,2024-11-12,2024-11-19,2024-12-17,0,,,,,,,,,,,0.0007604736255000348,0.000571814051413713,0.0010716823731290888,0.000571814051413713,0.0010716823731290888,0.0005346414179342655,0.0010716823731290888,0.000571814051413713,0.0010716823731290888
