date,ETF0,ETF1,ETF2,ETF3,ETF4,ETF5,ETF6,ETF7
2024-01-02,-0.0222125387574537,0.0002599965264958,-0.0053896902035292,-0.0112919277548181,-0.0244186664563295,0.0076539140316152,-0.0075970934538327,0.0026699619492725
2024-01-03,0.007017808518851,0.0029212131581903,-0.0019809308384188,0.0065877126335823,0.0051995743100303,0.0059901141856718,-0.0165158095340974,-0.0039244069932601
2024-01-04,-0.006773169588205,0.0293601076569841,-0.0066462722623267,0.0125746344464712,-0.0168110721487161,-0.0039957346032575,-0.0143273675377315,0.001929424493192
2024-01-05,0.0181335751618314,-0.0089171452054169,0.0078954878810797,0.0077442692741895,0.0064028490531851,-0.0022629012851584,-0.0015511152517752,0.001357670813244
2024-01-08,0.0020712397429002,0.0015661144530507,0.0077900166827747,-0.0012641764227699,0.0054669480932987,0.003043578489631,-0.0112174657164499,-0.0091571173118293
2024-01-09,0.0056736008727814,0.0048441871705173,0.0108240517012988,-0.022349721654025,0.0061372577146924,-0.0241248176605138,-0.000561924881195,-0.0248062408458588
2024-01-10,0.0134828191524309,-0.0085880941602067,0.0217457608401779,0.0021020079374027,0.0084328316032147,0.0057350341186437,0.0179758540623612,-0.0002963838827033
2024-01-11,-0.0114171508279734,-0.0118588215273333,-0.0091717424575849,0.0005265006161092,0.0035063475584821,-0.0025944502901188,0.0015523458083955,0.015529693472629
2024-01-12,-0.0176882550756295,-0.0055141498624162,0.0102625922690846,-0.0106606085325601,0.0103776176412327,-0.004248006265212,-0.0058493029080073,-0.0019356211553497
2024-01-15,0.0017278667373147,-0.0034129306548602,0.0151984679259769,-0.0036040250800099,0.0119680576473872,0.0109973832894843,-0.0020128900538686,0.0139712948399032
2024-01-16,0.2184725245978045,0.0065932515852567,0.0089035624740499,-0.0173310047862032,0.0060950075182174,0.011320764129598,0.0186147515215646,-0.0041999490251438
2024-01-17,0.0024266986572683,0.0123362426669274,-0.0066155674283613,0.0066683199387449,-0.0289759604800387,0.0062901340999088,-0.0160935223822618,-0.0164413471118038
2024-01-18,-0.0031242233784051,-0.0049474574888162,-5.655605321230105e-06,-0.025270714567959,-0.0107733315904835,0.0182684479908656,-3.456947757432893e-05,-0.0106090451877596
2024-01-19,0.0071643871335267,-0.0023174716780021,0.0078737944917613,-0.0034310673331541,0.0190642399704316,0.0019594610890845,0.0034943994532069,-0.0182042799720564
2024-01-22,-0.0094705631119036,0.0104981668746358,-0.0084640979807807,0.0095242409478394,-0.0173928499452101,-0.0012169417260233,0.0085277507456118,0.000890510692314
2024-01-23,-0.003897264490229,0.0088157505369282,0.0178461240167647,0.0047362451181779,0.0156460711230374,0.0099284785503129,-0.0055693464558323,0.0026503647031669
2024-01-24,0.0150156859478452,-0.0120100597486587,-0.0115910507320345,-0.0057199288065517,-0.0233397321273722,-0.0016862636949857,0.0077293277845487,0.0007297662847478
2024-01-25,-0.0161032286371519,-0.0225375218412277,0.0021677955894164,0.0070013550694753,0.0117819926364544,-0.0027779115678309,-0.017607331245481,0.0019023244259099
2024-01-26,-0.0089735146547133,-0.0175721158858338,0.0116410980204358,-0.0177408523131796,0.0090275502687867,-0.0109618239975259,0.0037566212903729,0.0063178098342259
2024-01-29,0.0066845433717169,-0.0054581337714804,0.0072170602750576,-0.0177124564171167,-0.0210357153658684,-0.0103855555417302,0.0057923551592152,0.0036751818460769
2024-01-30,0.0025838190673632,0.0032362746828555,-0.0103219260394201,0.0059506316711096,-0.0104933596588851,-0.0138900441205065,0.0022189125583215,-0.0087855403324183
2024-01-31,-0.0149352272753584,-0.002342955664884,0.0053372176520614,-0.0033262217360928,-0.010048544351955,-0.0007571547716596,0.0126067023509554,-0.0091731332031502
2024-02-01,0.0035010699947095,-0.0081804996730243,-0.003642627411047,0.0061786708092221,-0.0038674793776153,0.0033168036764437,-0.0007366835537142,0.0002573179824337
2024-02-02,0.0056790000649124,0.0152744103242088,-0.0139841125275123,-0.0090908129457615,0.003195986925188,0.0305944036718498,0.0063096071556443,0.0179571022579082
2024-02-05,-0.0141884909822531,-0.002238225312755,0.0183593898478467,0.0163104056131516,0.0007963636744218,0.0024453945660753,0.0030267734811769,0.0104448995773469
2024-02-06,0.0072054716899037,0.0030274354060289,0.0103946999055588,0.0323248600716425,-0.0093527432178615,-0.0050715943255614,-0.0050259941599875,-0.0001010019965206
2024-02-07,-0.0047040817614675,-0.0222419757646584,0.0052176506550412,-0.0063777625199804,-0.0178592534288577,-0.0127840404258603,-0.0118744886497135,-0.013649623133589
2024-02-08,-0.0045672000780472,0.0117697703447953,0.0036634678708308,-0.0039550199767559,0.0151440766052541,-0.0059272707128451,-0.0047604383556753,-0.0084610732599453
2024-02-09,-0.0022476764178745,0.0056442874699098,-0.0153051120208713,-0.0075287348872535,0.0219466640516129,-0.0104567975626465,0.0031120177013862,-0.0018489664474848
2024-02-12,-7.089089892104182e-05,-0.0022297309521442,-0.0068527493509313,0.0018388013778366,0.0015769871905703,0.0092190527597966,0.0243163109365564,-0.0031500046196718
2024-02-13,0.21598910393646562,0.0165339210507723,0.0024683019099493,-0.0114075776170524,0.0017395676708037,-0.0149682353188259,-0.0016813887591359,-0.008226197613413
2024-02-14,0.0077157482736744,0.0015710657563638,-0.0198670595123039,0.0046207180492336,0.0092000854378647,-0.0207136594938038,0.0083797790162687,-0.0221187745933681
2024-02-15,-0.0064040432714019,-0.0008855706584364,0.0018342846527625,-0.0013862347508517,0.0129735334919482,0.0083051130285295,0.0011837779119698,0.005769673603151
2024-02-16,-0.0108923558357595,-0.000464423506078,-0.0033795584940487,0.0141236086827678,-0.0023757772844924,0.0069015479609862,-0.0040473019352885,-0.0134711292299679
2024-02-19,0.0051271005688172,0.0052370118178914,-0.0027005666717201,-0.0255351287256633,-0.0098531962217852,0.0129687227455201,0.007841139972048,0.0074221728698942
2024-02-20,0.0060284811087285,0.0009745514749588,0.0018668027745516,0.0128965030310402,-0.0095936578619049,0.0129424062613871,0.0055481076123929,-0.0107949473907069
2024-02-21,0.0021688185263233,0.005130497333932,-0.000654301176695,-0.0064126602937776,-0.0132124894012681,-0.0105597882464762,-0.0038171184159109,-0.0088807752223983
2024-02-22,0.0108974230345722,0.0017828205662537,-0.0164468007977492,0.0050600573868908,0.0034806443318823,0.0013208754879228,0.0042705270688459,0.0077044332857029
2024-02-23,0.0072468674723354,0.0094537218650411,0.0083860196174629,0.0072286374022574,0.0051172432010937,-0.0035983515406037,0.0035733977446821,0.0032134174153483
2024-02-26,-0.0150327504014725,-0.0100858276718139,-0.0148074509023714,-0.0075659816784141,0.0076425356402632,0.0027562740071121,-0.0082174396569701,-0.0004258942061021
2024-02-27,-0.0003828974457692,-0.0043960557416882,-0.0081360986725394,-0.0019374942470099,0.0054276263752614,0.0003984443329844,0.0057491269482308,0.0161176227887463
2024-02-28,0.0085395929122156,0.0097108248785562,-0.0063867634522914,0.0164078039591228,0.0002812095165811,0.0030709666892496,-0.0237165330175755,-0.0067948638323019
2024-02-29,0.0017497651858624,-0.0088234896685121,-0.0041062456967797,-0.0056722243153288,0.0150816011135629,-0.0047974158373528,-0.0096866990098882,0.0038820995148506
2024-03-01,-0.0088728492643899,0.010674500730855,-0.0101323627134052,0.0024548426577352,-0.0081567339590242,0.0015498103762273,0.0089236933003706,-0.004705620224062
2024-03-04,0.0146785984705557,0.015121996594817,-0.0008443160667593,0.00287978057913,-0.0077312555158494,0.0184141358336028,0.0191705028720839,0.0071022474594284
2024-03-05,0.0147341637113073,0.0031156245932646,-0.0030170142301283,0.0115065063278133,-0.017480616230131,-0.0067653746871939,-0.0005337055696453,-0.0198193249177455
2024-03-06,0.0071549898455184,0.007253792348417,-0.0024180755191525,-0.001291642146317,-0.0073421639636089,0.0001279449679102,-0.0047342017009391,0.0073391051471272
2024-03-07,-0.0019689944986265,0.00891828934455,-0.0264073425911897,-0.012444256299142,-0.0016116712249212,0.0303415328906123,-0.0133588356198383,0.0215675837012578
2024-03-08,0.0045076580981539,0.0133614213285758,-0.0053705518468029,0.0048291468805497,0.0009780486833098,-0.0053878657117062,-0.0042218431822117,0.000123997165985
2024-03-11,0.0052028764464599,0.004435399363906,-0.0089531915148899,0.0037524062749633,-0.0011910516509037,-0.0175338137719205,0.0144978541130852,0.0037459477076805
2024-03-12,0.2044426743780886,0.0072772928562928,-0.0018159164017086,-0.0081623400907277,0.0010218349406013,-0.0045119613855948,0.0078720899331335,-0.0069147213879158
2024-03-13,0.0103103949570677,-0.0152189280552361,0.0056424877237934,-0.0003992138642005,0.0075854514050664,0.008432007025565,-0.0006863476110478,0.006909312505732
2024-03-14,0.0028295188862757,0.0205905534063508,-0.0041085616497111,-0.0006247106432885,0.0064550806787941,0.0090242427133239,-0.0109774904981401,-0.0147550523209808
2024-03-15,0.0124321770941191,-0.0046704667394615,-0.0060619342073593,-0.0013347365827142,-0.0081890673719565,-0.0099896807512165,0.007031398661523,-0.0050492179915761
2024-03-18,0.000401598776879,-0.0134328510773901,-0.0041437999561259,0.0045886503998563,-0.0132136736142455,-0.0028548683888454,-0.0019413638876567,0.0063041433100647
2024-03-19,0.0005839866682053,-0.0071721184925725,0.0105968455843146,-0.0051612521581628,-0.0162272102819332,4.568150289961647e-05,-0.0032370835711989,0.0045360389397915
2024-03-20,-0.0019398493089617,0.0037339261915785,-0.0155158955308356,-0.0039984705791231,0.0029254711723213,-0.0068872592527415,0.0090263719992852,-0.0152454457940962
2024-03-21,0.0025460236645982,-0.003618107315104,-0.0054010831742032,0.0033868329014,-0.0023108621416914,-0.0030765233039042,0.0131814393290142,0.0153262226695946
2024-03-22,-0.0085371576363253,-0.0019597794528025,-0.0101098638982372,-0.0113731012431421,0.0056694241499058,0.0002326478401071,0.0063650633573889,-0.0085938435691239
2024-03-25,0.0080842268245724,0.0004155688743512,-0.0100422897773416,-0.0055345891224955,0.0181402620539527,0.0043348658608443,0.0103940096312396,-0.0008131944393368
2024-03-26,-0.0126225681469487,0.012011663705481,0.0056357282330128,0.005325827110437,0.0021262625528012,0.0038704652824907,0.005110244712728,-0.0172781164630718
2024-03-27,0.0171482722056987,0.0093869635541903,-0.0065279419029209,0.0007259621785683,-0.0155699035319522,0.0003723355826058,0.0039641973389747,0.0110896323682197
2024-03-28,0.0005020829370663,-0.0020044621095482,-0.0030391709902844,0.0003780772225563,-0.0028450203461183,0.0058212361119353,0.0032822139955828,0.0023243444328101
2024-03-29,0.0015421868300774,0.0191332812485838,-0.0107527354629642,0.0100855236094137,-0.0127210929784367,0.0321544551694581,-0.0039595184991357,4.657710118611388e-05
2024-04-01,0.0026315357478612,0.0056278635268192,-0.0100787539267136,0.0167937648921251,-0.0011531178299426,0.0050111510475311,0.0194740284005995,-0.0075115634259604
2024-04-02,0.0132406164379381,0.0177455512507584,0.0062714818466272,-0.0043777746274152,0.0225013340572985,0.0136682520366543,-0.0038869106588904,0.0008165290371021
2024-04-03,0.0099591337822079,0.0070401041703339,-0.0055217781778298,-0.0017168488855298,0.0131083101235674,0.0075457847544988,-0.0214081337607627,0.0266438929340192
2024-04-04,0.0039581898885834,-0.0020102242267504,-0.0002064115946298,0.0077984928633375,-0.0073536860970936,0.0004893935232718,0.0095950439606025,0.0100175434765614
2024-04-05,-0.0053805808542408,0.0033758286441335,0.0090193163894443,-0.0007560406902513,0.0205302125904758,0.0128031513015331,-0.0065099539734361,-0.0022668254938542
2024-04-08,-0.0076721859702896,0.0033129427335727,0.0030736540081189,0.0017619592807483,0.0017748943840348,0.0034412897906762,-0.0106499936359127,0.0220967982576913
2024-04-09,0.19508383570312202,0.0044034234401147,-0.0119783353242147,0.008296967216706,-0.0033116438211786,0.001129831544757,0.0086504787038524,-0.0007916383053033
2024-04-10,0.0122215919118347,0.0087586158192343,0.0088185244909305,0.0054730005155588,0.014967137006827,-0.0030256539963362,0.0101638994374563,-0.0140675650381781
2024-04-11,0.015292094734212,0.0103030375574155,-0.0087144497338511,0.0034388198445384,0.0079709569725019,0.0051131961454638,-0.0026716684371946,-0.0004202814712866
2024-04-12,0.0086808590504614,-0.0017454952474643,0.0020592420802684,0.0073802933487985,-0.0064410206002645,-0.0030217302557718,-0.0216014665095331,-0.0083937519909434
2024-04-15,-0.0212107657850133,0.0046585643122343,0.0127200855746985,-0.0065204368494962,-0.0049035467760559,-0.0219495512968814,0.0044609899068617,-0.0062378893663685
2024-04-16,-0.005750801831495,0.0009789501438739,-0.0057297463298487,0.003937948293848,0.0012620112185068,-0.0004202477113153,0.0089100308804468,0.000288709112945
2024-04-17,-0.0135883675222675,0.0116585300939539,0.0070645074144126,0.0031898682189211,-0.0096414620280585,-0.0075040824994433,0.0007234309307714,0.0059761798340637
2024-04-18,-0.0145347497050366,0.0220915624122732,-0.0061951356878538,0.0052367543386428,0.002323368355831,0.0160839317725231,-0.0067770518099609,-0.0089148278224067
2024-04-19,-0.0051255038543738,-0.0146814679599093,0.0153291483449821,0.009588681676429,-0.0005959347892118,-0.0055388738970962,0.0136628675896519,0.0120315244021462
2024-04-22,-0.0080901189129855,0.006810499906656,0.0017043671406382,-0.0091591946746678,0.000197753491569,0.0012771968657372,0.0102188605441528,0.0048958840683719
2024-04-23,-0.014121177005352,-0.0066743208445253,0.0020356183497965,-0.0134126306174069,0.0107938183709199,-0.0077499934594059,-0.0083071288827218,-0.0030483463764077
2024-04-24,-0.0101500865524648,-0.0088142649459712,0.0191461034186781,0.0041534628526914,0.0073216456730236,-0.0063200081318999,-0.0067680642765865,-0.0126260497669021
2024-04-25,-0.0036361757192876,0.0073307030741234,0.0134885863424183,-0.0152419441328081,-0.0223092712492084,0.0088617693812323,-0.0067066740869248,0.0040585239195031
2024-04-26,0.0067461755586756,0.0115551309684603,-0.0022239480301205,0.0015179917861154,-0.0094844753082573,-0.0089937813289722,-0.0024721092826751,-0.0156324446816554
2024-04-29,-0.0186799066483538,-0.003837149903366,0.009577519342496,0.0048905430486851,0.0162102035518788,-0.0045397682184346,0.001841503202153,0.0096094680169514
2024-04-30,0.0103108038351777,-0.0076302120169648,0.0004846823152126,0.0008079143319534,-0.00705938449853,-0.0020921769553988,-0.005349108009446,-0.0090830600576532
2024-05-01,0.0006610261049933,-0.0038706920047759,0.008356196702497,0.0036498474445649,0.0025378148324079,0.0021164540168706,-0.0069327453277852,0.0052670129512651
2024-05-02,0.0210413977658541,-0.009755679664645,0.0009722998837399,0.014512814533882,0.0155314203661187,0.0069340169637911,0.0206199176557415,-0.0021048825225048
2024-05-03,-0.0071234066729006,0.0109665513343411,0.0053372484586796,0.0011257401754525,-0.0126995665712282,0.0056492336784972,0.0109410395062362,-0.0161350708997096
2024-05-06,0.0072637296090967,-0.0012234662448158,0.0085920572481722,0.0080324301761235,-0.0097943450288685,0.0116608609143955,-0.0061671064260657,0.0053274055825471
2024-05-07,0.1991356302805926,0.005809992170205,-0.0016459328184482,-0.0121700086983322,-0.0074254833700074,0.0100312836791519,-0.0115325170159874,-0.0158276819027979
2024-05-08,-0.0064093416123055,-0.0019826749139164,0.020804927802706,-0.0127825116837071,-0.008188095974109,0.0049051681068985,0.0070092837814217,-0.0080771407039296
2024-05-09,0.003074712086011,0.0054573260408798,-0.005456848736364,-0.0071752405631074,0.0052202561990728,-0.0073150817242073,-0.0113817057049669,-0.0080247240276855
2024-05-10,-0.0036301819604262,0.0042021655449572,0.0007551444584044,0.0033318934720035,0.0204528946259587,0.0184242594105623,-0.0008644872727094,0.0013076708798467
2024-05-13,0.0113566656057815,-0.011554099977289,0.0042281617683706,0.0188656087140802,0.0019879402847172,-0.0123717594137618,-0.0169923915883582,-0.0110593715875254
2024-05-14,0.0001645930165351,-0.0076677380610374,-0.0062094909544587,-0.0082473452116912,-0.005935747475498,0.0052756008028042,-0.0139589933556362,-0.0117046118289301
2024-05-15,-0.0058031942482966,0.0010843295529565,0.0070226517096005,-0.0082225505053906,-0.00982783151204,0.0014654227044507,0.0014688306800432,-0.0029289585251795
2024-05-16,0.0027534318829479,0.0063022001277624,-0.0013948494883106,-0.0045500844560252,-0.0062380304797349,0.0024595893404527,-0.0049679994530726,0.007923038336614
2024-05-17,-0.0010095411080737,-0.0044930724752367,-0.0110149711119478,-0.0109286009231355,-0.0011649940554899,-0.0002252335717449,0.0034167841470095,-0.0028230809303926
2024-05-20,0.0063447920761134,-0.0139622322299435,0.0007419758119911,0.0144465472886022,0.0126539956639698,0.0185449830574946,0.0154881206431406,0.0089426698416374
2024-05-21,-0.0006838874342768,0.0043910742731036,-0.0019280355334434,0.012552796360989,0.0010302304718046,-0.0121119420119364,0.00700596020124,0.0069028673048262
2024-05-22,-0.002492031905557,-0.0054178580072705,0.0076450672531209,0.020321267435969,-0.0232205944092656,0.007843818216497,0.0011302419891534,0.0015701248729261
2024-05-23,-0.0024084724862026,-0.0045541361825919,0.0115311036194952,0.0053794205507377,0.0079776648000815,-0.0004344180678129,0.0109134763894676,-0.015799780814203
2024-05-24,0.0122318970568601,-0.0146461925535177,0.006545197902296,-0.0010628867210382,0.005144010425261,0.0120376597214195,-0.0039836221909282,-0.0113895734533605
2024-05-27,-0.0053737302111091,-0.0021219015496997,-0.0040764966472752,-0.0108926213881264,-0.0001170395301059,0.0013960567774414,-0.0085224687483803,0.0099557597080629
2024-05-28,0.0096141630056271,0.0005741453786311,-0.0050982058287755,0.0047358204329628,0.0029957893398488,-0.009609541020867,-0.0095305687388696,-0.0042168581366146
2024-05-29,0.0025457137694782,-0.0095343825632071,0.0055522290786122,0.0076525870711231,0.0002450190762848,-0.0020085561966204,0.0099749724130437,0.0069417849973312
2024-05-30,-0.0117423244641198,0.0008184206529176,-0.0018046821864017,0.0058463918611665,0.0080442725326812,-0.0158907609686194,0.0205866464639672,-0.0240122534751011
2024-05-31,-0.0076531525975569,0.0223538148119661,0.0037028842600171,0.0155644585355979,-0.0054956259033018,-0.006514969669814,0.0039279658714684,-0.0152928342423335
2024-06-03,-0.0060829582510824,0.0045591959284862,-0.0058697533392388,0.0062868354179061,-0.0075095041030897,0.0068085512179821,0.0114304142935298,-0.014251302537324
2024-06-04,-0.0026337542408476,-0.0091835170104596,-0.000100570436725,-0.0127962690508243,0.0067964500634631,-0.0002695281938622,-0.0053012879415309,-0.0024951748250591
2024-06-05,0.0016371673010714,-0.0238903079621895,-0.0078507648583254,-0.0146880889974193,-0.0025027855578713,0.0005025668827829,0.0153176332253641,-0.0025733025661726
2024-06-06,-0.0156041108257483,0.0097323029976558,-0.0054523252726639,0.0009727741989272,0.0135606049687375,-0.0097876322060569,-0.0125313472444893,0.0025044584618837
2024-06-07,0.0039072098169218,-0.0071391767957397,-0.016816904581672,-0.0078333596990012,0.0144583733608704,-0.0067260580722773,-0.004273973652291,-0.0110684352451122
2024-06-10,0.007527281323341,-0.0118059841797213,-0.0094227423867508,0.01002759709338,-0.0182604154970797,0.0011982117320353,0.00387221680072,0.0130231276035113
2024-06-11,-0.0070844285348761,-0.0085835660271035,-0.0028628904843917,0.0122952107995515,0.0089845717716052,-0.0079336384087718,-0.0022501113841295,-0.0116614206322381
2024-06-12,-0.0164765767875915,0.0211954120163217,-0.007305351389246,0.0032144036767192,0.0020498159104012,0.0114719974626621,0.0057557580883071,0.0170470159754958
2024-06-13,-0.012330318567693,-0.010845687649874,-0.0164523285797166,-0.0110643732490254,-0.0085348440246708,-0.0213189831515937,-0.0190178385008312,0.0010254182040514
2024-06-14,-0.0041805540324441,0.0081859580482566,-0.0180644605086395,-0.0003334210210615,-0.0124589999403986,0.0018418936082056,-0.0239526923041557,0.015123004186363
2024-06-17,-0.0040977836891837,0.0191836825274823,0.0046481571407571,0.0108597237835791,0.0101054270341027,0.0031426694708331,0.000156672020552,-0.0067195091422278
