date,vol_signal,regime
2016-01-15,0.04023139900306182,mid
2016-01-19,0.04035960436950518,mid
2016-01-20,0.0403688913338427,mid
2016-01-21,0.04060046045863745,mid
2016-01-22,0.04065669851793874,mid
2016-01-25,0.0409853164514602,mid
2016-01-26,0.04086147266704746,mid
2016-01-27,0.04033323491844188,mid
2016-01-28,0.04029346018863546,mid
2016-01-29,0.041709491112936904,mid
2016-02-01,0.041386374982391665,mid
2016-02-02,0.04116136609833485,mid
2016-02-03,0.040852216031433845,mid
2016-02-04,0.04060566417999286,mid
2016-02-05,0.04102887112358147,mid
2016-02-08,0.047663429133163626,mid
2016-02-09,0.047123890386318035,mid
2016-02-10,0.046446460414121996,mid
2016-02-11,0.04579237372302178,mid
2016-02-12,0.045437961852148816,mid
2016-02-16,0.04548388740520459,mid
2016-02-17,0.04540182966056867,mid
2016-02-18,0.04449689170228412,mid
2016-02-19,0.04375587987227859,mid
2016-02-22,0.04572772542234556,mid
2016-02-23,0.04521093205895435,mid
2016-02-24,0.044404627824397004,mid
2016-02-25,0.04383299843119927,mid
2016-02-26,0.043437657956944375,mid
2016-02-29,0.04304626313980991,mid
2016-03-01,0.04294524536950199,mid
2016-03-02,0.042754800055083086,mid
2016-03-03,0.043175241116513906,mid
2016-03-04,0.04310186360004073,mid
2016-03-07,0.0476873003062546,mid
2016-03-08,0.048024848464789986,mid
2016-03-09,0.046935740737419226,mid
2016-03-10,0.046190953106196135,mid
2016-03-11,0.045780257253279694,mid
2016-03-14,0.04535157870167048,mid
2016-03-15,0.04976136442232794,mid
2016-03-16,0.048426457372941156,mid
2016-03-17,0.04807927864976696,mid
2016-03-18,0.04704286803934729,mid
2016-03-21,0.04579672113315665,mid
2016-03-22,0.04457021205856944,mid
2016-03-23,0.04421208151078824,mid
2016-03-24,0.04294496994201011,mid
2016-03-28,0.041973659435702367,mid
2016-03-29,0.04141157880010835,mid
2016-03-30,0.04020557559562566,mid
2016-03-31,0.03955841811114705,mid
2016-04-01,0.03879286871612,mid
2016-04-04,0.038317350048297505,mid
2016-04-05,0.037356780837568326,mid
2016-04-06,0.03713378508338169,calm
2016-04-07,0.03678833046017155,calm
2016-04-08,0.03615499376521767,calm
2016-04-11,0.03580535540923722,calm
2016-04-12,0.03581534490775299,calm
2016-04-13,0.03696886541872186,calm
2016-04-14,0.03599614848042911,calm
2016-04-15,0.03532487656059769,calm
2016-04-18,0.03490360239082318,calm
2016-04-19,0.03705084398908267,calm
2016-04-20,0.0363387127947009,calm
2016-04-21,0.03589926062858302,calm
2016-04-22,0.03541824258745783,calm
2016-04-25,0.034778995081861254,calm
2016-04-26,0.03430245577865959,calm
2016-04-27,0.04079001332597071,mid
2016-04-28,0.04037232153143556,mid
2016-04-29,0.039749760039176546,mid
2016-05-02,0.03876681410830285,mid
2016-05-03,0.03852632583367317,mid
2016-05-04,0.03842848383964718,mid
2016-05-05,0.03899001367413772,mid
2016-05-06,0.03877370931967859,mid
2016-05-09,0.03842330392846029,mid
2016-05-10,0.03828331561102927,mid
2016-05-11,0.038141166152372716,mid
2016-05-12,0.0376850146988156,mid
2016-05-13,0.03704210412552544,calm
2016-05-16,0.03692656537219026,calm
2016-05-17,0.0363991355267993,calm
2016-05-18,0.03634626780611395,calm
2016-05-19,0.03582103136052095,calm
2016-05-20,0.03726976202730553,mid
2016-05-23,0.03661889299240524,calm
2016-05-24,0.03637366383872559,calm
2016-05-25,0.0360396658148835,calm
2016-05-26,0.03732222862973793,mid
2016-05-27,0.04309220223006349,mid
2016-05-31,0.04232788810487106,mid
2016-06-01,0.048867422455324695,mid
2016-06-02,0.047530630190253685,mid
2016-06-03,0.046039859677161135,mid
2016-06-06,0.05322711853340997,crisis
2016-06-07,0.05243125493362769,crisis
2016-06-08,0.05188191727990042,mid
2016-06-09,0.050487128564937,mid
2016-06-10,0.04918846977373839,mid
2016-06-13,0.048054821202894206,mid
2016-06-14,0.046726164217136906,mid
2016-06-15,0.04517073626435001,mid
2016-06-16,0.04377890182583021,mid
2016-06-17,0.04271363516249095,mid
2016-06-20,0.04199527245394627,mid
2016-06-21,0.04062233755897796,mid
2016-06-22,0.03938882228390083,mid
2016-06-23,0.039789964618886876,mid
2016-06-24,0.04066518995351314,mid
2016-06-27,0.04155965729256745,mid
2016-06-28,0.042164964064305734,mid
2016-06-29,0.04190118419395463,mid
2016-06-30,0.041240364983210855,mid
2016-07-01,0.04033650649187329,mid
2016-07-05,0.03954406617747111,mid
2016-07-06,0.03941181125232307,mid
2016-07-07,0.03977404127021943,mid
2016-07-08,0.03983893684937918,mid
2016-07-11,0.03907498832908374,mid
2016-07-12,0.03854987229246648,mid
2016-07-13,0.03768285448792946,mid
2016-07-14,0.036807039950533006,calm
2016-07-15,0.03651199707990723,calm
2016-07-18,0.036023758832827366,calm
2016-07-19,0.03549223705351396,calm
2016-07-20,0.03582041683756134,calm
2016-07-21,0.03523527083398613,calm
2016-07-22,0.03566761177031861,calm
2016-07-25,0.035038310342277314,calm
2016-07-26,0.03500460669131021,calm
2016-07-27,0.035930383096581295,calm
2016-07-28,0.03585278923161205,calm
2016-07-29,0.03572112928619879,calm
2016-08-01,0.03533729408340868,calm
2016-08-02,0.03517000273983385,calm
2016-08-03,0.03562891588372137,calm
2016-08-04,0.039709859257103956,mid
2016-08-05,0.03936148098763863,mid
2016-08-08,0.039250710153436154,mid
2016-08-09,0.03859951299050022,mid
2016-08-10,0.03796703651396793,mid
2016-08-11,0.037247052330676864,mid
2016-08-12,0.03653011569873229,calm
2016-08-15,0.03605163887518867,calm
2016-08-16,0.04669730249884686,mid
2016-08-17,0.04519577366729384,mid
2016-08-18,0.04387245752959292,mid
2016-08-19,0.04245384711210905,mid
2016-08-22,0.041609716684953765,mid
2016-08-23,0.040351929562028314,mid
2016-08-24,0.03928317281650957,mid
2016-08-25,0.03818289898370268,mid
2016-08-26,0.037017128102561275,calm
2016-08-29,0.036278939881704414,calm
2016-08-30,0.03544660511562901,calm
2016-08-31,0.03492854948887937,calm
2016-09-01,0.0340061010903181,calm
2016-09-02,0.03335123132230732,calm
2016-09-06,0.033706656074263715,calm
2016-09-07,0.03332292861440161,calm
2016-09-08,0.03271828269443387,calm
2016-09-09,0.03304367373813604,calm
2016-09-12,0.032527334311533346,calm
2016-09-13,0.03262552638886387,calm
2016-09-14,0.03312282865678319,calm
2016-09-15,0.0325564135316636,calm
2016-09-16,0.03268758742814559,calm
2016-09-19,0.03236643421800526,calm
2016-09-20,0.04872896476103239,mid
2016-09-21,0.04717998876567457,mid
2016-09-22,0.0476759097834966,mid
2016-09-23,0.046191709205724886,mid
2016-09-26,0.04494906715153897,mid
2016-09-27,0.044297019332792724,mid
2016-09-28,0.043348908475625475,mid
2016-09-29,0.042296821737728404,mid
2016-09-30,0.04126708984354872,mid
2016-10-03,0.046298768002207495,mid
2016-10-04,0.04496534678305337,mid
2016-10-05,0.04360899128888136,mid
2016-10-06,0.04226186811232048,mid
2016-10-07,0.04093614762586651,mid
2016-10-10,0.03990115875843256,mid
2016-10-11,0.03913218327713236,mid
2016-10-12,0.03812998987587275,mid
2016-10-13,0.03720177155785461,calm
2016-10-14,0.036283024773754016,calm
2016-10-17,0.03829438531022594,mid
2016-10-18,0.03743013435034495,mid
2016-10-19,0.03641898363938786,calm
2016-10-20,0.03563561015262018,calm
2016-10-21,0.0350190791077097,calm
2016-10-24,0.03451451462729475,calm
2016-10-25,0.03427664356256461,calm
2016-10-26,0.03376611540065727,calm
2016-10-27,0.03389929645402054,calm
2016-10-28,0.033888085739288275,calm
2016-10-31,0.03331968555698859,calm
2016-11-01,0.03375491413921961,calm
2016-11-02,0.034206571444979086,calm
2016-11-03,0.03490745995393787,calm
2016-11-04,0.035050795610730115,calm
2016-11-07,0.035321867465322634,calm
2016-11-08,0.04091822541606947,mid
2016-11-09,0.04304084708961941,mid
2016-11-10,0.04340711760012778,mid
2016-11-11,0.043827067883229265,mid
2016-11-14,0.04342128919906998,mid
2016-11-15,0.04289274688688694,mid
2016-11-16,0.04316377492435427,mid
2016-11-17,0.049075303840101725,mid
2016-11-18,0.04764587584550202,mid
2016-11-21,0.04680170770644305,mid
2016-11-22,0.04622470536717893,mid
2016-11-23,0.045001331985745865,mid
2016-11-25,0.04855605361219559,mid
2016-11-28,0.047824078736333785,mid
2016-11-29,0.046468335276062235,mid
2016-11-30,0.04630614667601144,mid
2016-12-01,0.045616845025442145,mid
2016-12-02,0.04433373475441322,mid
2016-12-05,0.043392500676658174,mid
2016-12-06,0.04238928821636244,mid
2016-12-07,0.041692494249620876,mid
2016-12-08,0.044116402488127614,mid
2016-12-09,0.043082534667364586,mid
2016-12-12,0.04315143091140724,mid
2016-12-13,0.04219641077060248,mid
2016-12-14,0.04121079959452985,mid
2016-12-15,0.04057472812461988,mid
2016-12-16,0.039941502034549624,mid
2016-12-19,0.04198493532412732,mid
2016-12-20,0.042034218718554374,mid
2016-12-21,0.04110301268444178,mid
2016-12-22,0.040115939492218956,mid
2016-12-23,0.03901510991789357,mid
2016-12-27,0.038331929496605015,mid
2016-12-28,0.037551907357706533,mid
2016-12-29,0.0366799444276704,calm
2016-12-30,0.03578730413033366,calm
2017-01-03,0.035925629957498796,calm
2017-01-04,0.03587990005975711,calm
2017-01-05,0.03556279711311606,calm
2017-01-06,0.03547146331084173,calm
2017-01-09,0.03668970803138521,calm
2017-01-10,0.04522907242249314,mid
2017-01-11,0.04954861106826434,mid
2017-01-12,0.05024036891566339,mid
2017-01-13,0.04859596857550711,mid
2017-01-17,0.04792301435370513,mid
2017-01-18,0.04673014056208525,mid
2017-01-19,0.04566562333394701,mid
2017-01-20,0.044138169654849305,mid
2017-01-23,0.04275186742304618,mid
2017-01-24,0.04188037011177928,mid
2017-01-25,0.04101015974957269,mid
2017-01-26,0.040070673102171085,mid
2017-01-27,0.03937583287906603,mid
2017-01-30,0.038707722560843656,mid
2017-01-31,0.0379623991919954,mid
2017-02-01,0.03738562998385098,mid
2017-02-02,0.03750073564817034,mid
2017-02-03,0.037656254468627255,mid
2017-02-06,0.03668992428853761,calm
2017-02-07,0.03707915255234401,calm
2017-02-08,0.036294312564328704,calm
2017-02-09,0.0360290894487837,calm
2017-02-10,0.035435147631639005,calm
2017-02-13,0.03588465359191098,calm
2017-02-14,0.03590312206006092,calm
2017-02-15,0.035459063346011344,calm
2017-02-16,0.035000081848016076,calm
2017-02-17,0.03448754671027392,calm
2017-02-21,0.03508627102979193,calm
2017-02-22,0.03502071573534422,calm
2017-02-23,0.03462139312108653,calm
2017-02-24,0.033928844058273,calm
2017-02-27,0.03473017091795426,calm
2017-02-28,0.03453448298844103,calm
2017-03-01,0.034592107255548246,calm
2017-03-02,0.03429732246493396,calm
2017-03-03,0.03358770460758965,calm
2017-03-06,0.03351082339565412,calm
2017-03-07,0.033103031451706184,calm
2017-03-08,0.03307955236171937,calm
2017-03-09,0.032915830418774134,calm
2017-03-10,0.0328197172840125,calm
2017-03-13,0.03259449818221652,calm
2017-03-14,0.0321506835495595,calm
2017-03-15,0.032360459871523944,calm
2017-03-16,0.03196387609626516,calm
2017-03-17,0.03187820941093952,calm
2017-03-20,0.03198847245426061,calm
2017-03-21,0.032505213608648366,calm
2017-03-22,0.031873169939542666,calm
2017-03-23,0.03155581408371743,calm
2017-03-24,0.031881143424365224,calm
2017-03-27,0.03166597032307492,calm
2017-03-28,0.0333881124229271,calm
2017-03-29,0.03312084095079292,calm
2017-03-30,0.032606374110089556,calm
2017-03-31,0.032173830058936,calm
2017-04-03,0.031910987105965044,calm
2017-04-04,0.031782787751064946,calm
2017-04-05,0.03163363029827381,calm
2017-04-06,0.03192948801258865,calm
2017-04-07,0.032350176737829396,calm
2017-04-10,0.03292105178090032,calm
2017-04-11,0.0324707029026131,calm
2017-04-12,0.0323492262318961,calm
2017-04-13,0.03190441909194398,calm
2017-04-17,0.03329804846463101,calm
2017-04-18,0.032530044083100264,calm
2017-04-19,0.031947360879296324,calm
2017-04-20,0.03168834154674197,calm
2017-04-21,0.031045571478713903,calm
2017-04-24,0.030877623488836423,calm
2017-04-25,0.030597205815601516,calm
2017-04-26,0.031889620159717774,calm
2017-04-27,0.03167007622641448,calm
2017-04-28,0.031529660575096534,calm
2017-05-01,0.03147801546190206,calm
2017-05-02,0.03153307052952001,calm
2017-05-03,0.03158207829809728,calm
2017-05-04,0.03190167265308576,calm
2017-05-05,0.03218037704763452,calm
2017-05-08,0.03265681369021719,calm
2017-05-09,0.03272675214562293,calm
2017-05-10,0.03297227526387047,calm
2017-05-11,0.03282955023564201,calm
2017-05-12,0.03271243031470343,calm
2017-05-15,0.03248687375187432,calm
2017-05-16,0.03221091983880211,calm
2017-05-17,0.03259498906231854,calm
2017-05-18,0.032540512665107796,calm
2017-05-19,0.03205602631725229,calm
2017-05-22,0.03163716920616854,calm
2017-05-23,0.03105019419347353,calm
2017-05-24,0.030595418301629967,calm
2017-05-25,0.030261007727349864,calm
2017-05-26,0.029593222830781425,calm
2017-05-30,0.02958008004656615,calm
2017-05-31,0.029339780244628116,calm
2017-06-01,0.029379934929172534,calm
2017-06-02,0.029061706508645688,calm
2017-06-05,0.02894916310037594,calm
2017-06-06,0.028862533060399143,calm
2017-06-07,0.029459836629746584,calm
2017-06-08,0.029434438727540594,calm
2017-06-09,0.03166710109547758,calm
2017-06-12,0.03179865248322605,calm
2017-06-13,0.03122792169212134,calm
2017-06-14,0.030982909035208114,calm
2017-06-15,0.030600746926944745,calm
2017-06-16,0.030648364445841198,calm
2017-06-19,0.030488725929832632,calm
2017-06-20,0.030041128605634036,calm
2017-06-21,0.02995871685993223,calm
2017-06-22,0.029759355800475548,calm
2017-06-23,0.030116754369503694,calm
2017-06-26,0.03020095635126581,calm
2017-06-27,0.02989393661395003,calm
2017-06-28,0.030146684140268255,calm
2017-06-29,0.030650761635295936,calm
2017-06-30,0.030300065660727387,calm
2017-07-03,0.0311345647462278,calm
2017-07-05,0.032132046788930224,calm
2017-07-06,0.03248499238264661,calm
2017-07-07,0.03202626965122076,calm
2017-07-10,0.032940098065238635,calm
2017-07-11,0.03313190986760172,calm
2017-07-12,0.03236657246659386,calm
2017-07-13,0.03172540868455795,calm
2017-07-14,0.030951242175197378,calm
2017-07-17,0.03057596275670336,calm
2017-07-18,0.03035960579401068,calm
2017-07-19,0.030178372980122395,calm
2017-07-20,0.029636913313278956,calm
2017-07-21,0.029473538704945724,calm
2017-07-24,0.029081558147185285,calm
2017-07-25,0.029060326468189894,calm
2017-07-26,0.02886983113498019,calm
2017-07-27,0.02888381090868591,calm
2017-07-28,0.02890354388763493,calm
2017-07-31,0.03221446000133047,calm
2017-08-01,0.03203278861136753,calm
2017-08-02,0.03205532998265373,calm
2017-08-03,0.03239675320004378,calm
2017-08-04,0.03273378990905321,calm
2017-08-07,0.03283650817689006,calm
2017-08-08,0.03290053482159469,calm
2017-08-09,0.03310138086774298,calm
2017-08-10,0.03374661357344365,calm
2017-08-11,0.03355252931387654,calm
2017-08-14,0.03346352657515603,calm
2017-08-15,0.033036962608448545,calm
2017-08-16,0.03929133255459492,mid
2017-08-17,0.038402798911807326,mid
2017-08-18,0.037565848967600686,mid
2017-08-21,0.03723248236600671,mid
2017-08-22,0.03699341390023922,calm
2017-08-23,0.03635970231679011,calm
2017-08-24,0.03559186280087916,calm
2017-08-25,0.04169122396989374,mid
2017-08-28,0.0418017404869754,mid
2017-08-29,0.04060939012255677,mid
2017-08-30,0.03987930106780934,mid
2017-08-31,0.038869776129598514,mid
2017-09-01,0.037918030877864536,mid
2017-09-05,0.037886356030982886,mid
2017-09-06,0.03727399543312271,mid
2017-09-07,0.03686842664726112,calm
2017-09-08,0.036874272520054846,calm
2017-09-11,0.04268908532942816,mid
2017-09-12,0.041744524415202315,mid
2017-09-13,0.04082185753562706,mid
2017-09-14,0.03999244725196305,mid
2017-09-15,0.04006678458873532,mid
2017-09-18,0.03948978074436455,mid
2017-09-19,0.03880144598393283,mid
2017-09-20,0.03800085236455093,mid
2017-09-21,0.03702610287076172,calm
2017-09-22,0.036598792102022694,calm
2017-09-25,0.03611644191780815,calm
2017-09-26,0.035551796627451136,calm
2017-09-27,0.03517534754755608,calm
2017-09-28,0.03529522451490296,calm
2017-09-29,0.03582106810148873,calm
2017-10-02,0.0363217976520172,calm
2017-10-03,0.03955533677561141,mid
2017-10-04,0.03998709605934935,mid
2017-10-05,0.03939549813625208,mid
2017-10-06,0.0384852469438473,mid
2017-10-09,0.0379288858181281,mid
2017-10-10,0.03799133742154085,mid
2017-10-11,0.03714393508245235,calm
2017-10-12,0.03717355819598072,calm
2017-10-13,0.03650306482704298,calm
2017-10-16,0.0359928970818458,calm
2017-10-17,0.037415168050755315,mid
2017-10-18,0.0365735840775236,calm
2017-10-19,0.03563784927053613,calm
2017-10-20,0.034820283056303865,calm
2017-10-23,0.034384286259839435,calm
2017-10-24,0.034226812407076854,calm
2017-10-25,0.033741935863994404,calm
2017-10-26,0.0334678388978762,calm
2017-10-27,0.03334190621478595,calm
2017-10-30,0.03313734209418392,calm
2017-10-31,0.03324772804914701,calm
2017-11-01,0.03300430332108211,calm
2017-11-02,0.033974829656357806,calm
2017-11-03,0.038035214337712814,mid
2017-11-06,0.037877388563270845,mid
2017-11-07,0.04200367125213577,mid
2017-11-08,0.0425178340107229,mid
2017-11-09,0.04437109629898479,mid
2017-11-10,0.04368824288227331,mid
2017-11-13,0.04292792945324315,mid
2017-11-14,0.042576581509665486,mid
2017-11-15,0.045707509154130306,mid
2017-11-16,0.04930008442114164,mid
2017-11-17,0.05057763092225491,mid
2017-11-20,0.04906219338339859,mid
2017-11-21,0.04781599899940235,mid
2017-11-22,0.04661785066719458,mid
2017-11-24,0.046103994909599794,mid
2017-11-27,0.04595851904119289,mid
2017-11-28,0.04508966825404568,mid
2017-11-29,0.04410230686669778,mid
2017-11-30,0.042975958752907155,mid
2017-12-01,0.041831417707040956,mid
2017-12-04,0.04164346552712542,mid
2017-12-05,0.04175496194013141,mid
2017-12-06,0.04142050366788276,mid
2017-12-07,0.04067312875254041,mid
2017-12-08,0.03968550207810882,mid
2017-12-11,0.0403799747698818,mid
2017-12-12,0.040389049600839944,mid
2017-12-13,0.03961962925023703,mid
2017-12-14,0.040385386159859586,mid
2017-12-15,0.042766826614458825,mid
2017-12-18,0.04433257053390832,mid
2017-12-19,0.043356841471215435,mid
2017-12-20,0.04482294124243928,mid
2017-12-21,0.04481080546989484,mid
2017-12-22,0.04448320194401644,mid
2017-12-26,0.04409122404759548,mid
2017-12-27,0.04356548186454434,mid
2017-12-28,0.042342730841478673,mid
2017-12-29,0.04150414455686843,mid
2018-01-02,0.04174424300112052,mid
2018-01-03,0.041216058607618705,mid
2018-01-04,0.0539309169895004,crisis
2018-01-05,0.05240289508144594,crisis
2018-01-08,0.05092210340619194,mid
2018-01-09,0.050096719815350986,mid
2018-01-10,0.049080513861382846,mid
2018-01-11,0.04826466045331518,mid
2018-01-12,0.04728911879101361,mid
2018-01-16,0.04624127538881684,mid
2018-01-17,0.04494691017493832,mid
2018-01-18,0.04356344337498735,mid
2018-01-19,0.04288015440445876,mid
2018-01-22,0.041979028922663746,mid
2018-01-23,0.0408159152199713,mid
2018-01-24,0.03990120166667127,mid
2018-01-25,0.03924923910573102,mid
2018-01-26,0.03936665109445322,mid
2018-01-29,0.0387255018885047,mid
2018-01-30,0.0377829240838017,mid
2018-01-31,0.0374265782093835,mid
2018-02-01,0.03677081056257972,calm
2018-02-02,0.0366655581524177,calm
2018-02-05,0.03713544204783749,calm
2018-02-06,0.036846377338923306,calm
2018-02-07,0.036439893086722894,calm
2018-02-08,0.0369465431319927,calm
2018-02-09,0.03652516685941496,calm
2018-02-12,0.036295713288999325,calm
2018-02-13,0.036131625656603834,calm
2018-02-14,0.03636164783445193,calm
2018-02-15,0.03601834304855817,calm
2018-02-16,0.03566355134353834,calm
2018-02-20,0.035190955254538595,calm
2018-02-21,0.0346522680273018,calm
2018-02-22,0.034395226376225954,calm
2018-02-23,0.03427933912658596,calm
2018-02-26,0.03408026840634013,calm
2018-02-27,0.033892331993927056,calm
2018-02-28,0.033999565014184475,calm
2018-03-01,0.034265455840384935,calm
2018-03-02,0.03451899501934321,calm
2018-03-05,0.034655722849533485,calm
2018-03-06,0.034404249611929685,calm
2018-03-07,0.03416812397589999,calm
2018-03-08,0.03432443483426135,calm
2018-03-09,0.034415681856255244,calm
2018-03-12,0.03445658121339184,calm
2018-03-13,0.03409721069668144,calm
2018-03-14,0.03761886475213209,mid
2018-03-15,0.03763099878738409,mid
2018-03-16,0.037543290690747244,mid
2018-03-19,0.037081856369444784,calm
2018-03-20,0.036347529017248664,calm
2018-03-21,0.03558056208895452,calm
2018-03-22,0.03584154017772629,calm
2018-03-23,0.03552194866526999,calm
2018-03-26,0.03557412307236883,calm
2018-03-27,0.03555377622283661,calm
2018-03-28,0.03541532927283428,calm
2018-03-29,0.03528904066410727,calm
2018-04-02,0.03625662480101412,calm
2018-04-03,0.03593048450380015,calm
2018-04-04,0.03571799340109678,calm
2018-04-05,0.03529407455516421,calm
2018-04-06,0.035112777342994825,calm
2018-04-09,0.03491710520441153,calm
2018-04-10,0.0349193911049352,calm
2018-04-11,0.03452770669192313,calm
2018-04-12,0.0339719077368258,calm
2018-04-13,0.03327037261599269,calm
2018-04-16,0.032896626211365236,calm
2018-04-17,0.032697311159313965,calm
2018-04-18,0.03240830515169116,calm
2018-04-19,0.03203050171874629,calm
2018-04-20,0.03166029121027257,calm
2018-04-23,0.03112785432016097,calm
2018-04-24,0.03088827816534136,calm
2018-04-25,0.030678685450060122,calm
2018-04-26,0.031020589633027774,calm
2018-04-27,0.030965384583708008,calm
2018-04-30,0.030878168081753796,calm
2018-05-01,0.031040748743305657,calm
2018-05-02,0.03186444914302149,calm
2018-05-03,0.03230844442137829,calm
2018-05-04,0.03580260630432497,calm
2018-05-07,0.03657299713505932,calm
2018-05-08,0.037776823037500844,mid
2018-05-09,0.0377231860752486,mid
2018-05-10,0.037739426599507964,mid
2018-05-11,0.0373941151116097,mid
2018-05-14,0.037127332189648685,calm
2018-05-15,0.0365762195082146,calm
2018-05-16,0.03592812754639953,calm
2018-05-17,0.03702240845035335,calm
2018-05-18,0.03904099877905963,mid
2018-05-21,0.04184127654284026,mid
2018-05-22,0.04085391856228003,mid
2018-05-23,0.040026678157376094,mid
2018-05-24,0.039901560920688695,mid
2018-05-25,0.03920768237385446,mid
2018-05-29,0.03880264923623971,mid
2018-05-30,0.03998869836327456,mid
2018-05-31,0.040822466395103486,mid
2018-06-01,0.04003736192817109,mid
2018-06-04,0.03996035432131598,mid
2018-06-05,0.039357185140178476,mid
2018-06-06,0.03833136008474925,mid
2018-06-07,0.03752712432385693,mid
2018-06-08,0.036763587150545764,calm
2018-06-11,0.03616017763401233,calm
2018-06-12,0.035410535359174496,calm
2018-06-13,0.034839500887299486,calm
2018-06-14,0.03434376418446666,calm
2018-06-15,0.033987962218303226,calm
2018-06-18,0.036383171589926,calm
2018-06-19,0.03794550577738028,mid
2018-06-20,0.03757823310327071,mid
2018-06-21,0.037239789255252946,mid
2018-06-22,0.036912750223920716,calm
2018-06-25,0.037359269866778386,mid
2018-06-26,0.03670066692169679,calm
2018-06-27,0.056317572407422814,crisis
2018-06-28,0.054930925008892025,crisis
2018-06-29,0.054134068600183015,crisis
2018-07-02,0.05312907400389208,crisis
2018-07-03,0.05140462962388668,mid
2018-07-05,0.04978556554537736,mid
2018-07-06,0.04840543409763652,mid
2018-07-09,0.050490376597172856,mid
2018-07-10,0.04894622062457838,mid
2018-07-11,0.04770857665531585,mid
2018-07-12,0.047019737805469704,mid
2018-07-13,0.04550410180519288,mid
2018-07-16,0.044309051225814564,mid
2018-07-17,0.043240039372309316,mid
2018-07-18,0.041880866839903566,mid
2018-07-19,0.04058592942267599,mid
2018-07-20,0.0393377805492546,mid
2018-07-23,0.03839948261823901,mid
2018-07-24,0.0376952645339763,mid
2018-07-25,0.037222762050418086,mid
2018-07-26,0.03705896412541477,calm
2018-07-27,0.03743797163973342,mid
2018-07-30,0.03689787294157276,calm
2018-07-31,0.036484181761046924,calm
2018-08-01,0.03652746304348992,calm
2018-08-02,0.03652694293026503,calm
2018-08-03,0.03629484545060775,calm
2018-08-06,0.03601915421704354,calm
2018-08-07,0.03621356830843548,calm
2018-08-08,0.036192756036829046,calm
2018-08-09,0.03747877511570715,mid
2018-08-10,0.037229603667988255,mid
2018-08-13,0.03793265219568983,mid
2018-08-14,0.03738642927910692,mid
2018-08-15,0.037188708257291626,calm
2018-08-16,0.036373017964725564,calm
2018-08-17,0.038034870641235695,mid
2018-08-20,0.03741208494071598,mid
2018-08-21,0.03663501953899506,calm
2018-08-22,0.03572994704887074,calm
2018-08-23,0.03488654641711206,calm
2018-08-24,0.04075443809518316,mid
2018-08-27,0.04014778048881707,mid
2018-08-28,0.03896803977716142,mid
2018-08-29,0.04305917707562287,mid
2018-08-30,0.04227237127576812,mid
2018-08-31,0.04115176695167558,mid
2018-09-04,0.048314833155210214,mid
2018-09-05,0.04689430407365454,mid
2018-09-06,0.04565414164255183,mid
2018-09-07,0.044391122489019184,mid
2018-09-10,0.04338487417950035,mid
2018-09-11,0.04237653089132039,mid
2018-09-12,0.0411794233598047,mid
2018-09-13,0.0400789091512601,mid
2018-09-14,0.03898557600899911,mid
2018-09-17,0.038311063616409756,mid
2018-09-18,0.03775415506583202,mid
2018-09-19,0.03993670339992256,mid
2018-09-20,0.040268695081959294,mid
2018-09-21,0.04040589436876836,mid
2018-09-24,0.04284889911747761,mid
2018-09-25,0.04273732568193738,mid
2018-09-26,0.04173202122992404,mid
2018-09-27,0.040903971939197516,mid
2018-09-28,0.04000683817242467,mid
2018-10-01,0.04104712600424003,mid
2018-10-02,0.04152783790652652,mid
2018-10-03,0.04220781924720066,mid
2018-10-04,0.04188521605967838,mid
2018-10-05,0.041020854552942805,mid
2018-10-08,0.04026761153080096,mid
2018-10-09,0.039504699009023106,mid
2018-10-10,0.03969274936658973,mid
2018-10-11,0.03915376994966642,mid
2018-10-12,0.03855133091618145,mid
2018-10-15,0.03763445451437466,mid
2018-10-16,0.0377241605755744,mid
2018-10-17,0.037361719685556405,mid
2018-10-18,0.04363807115394842,mid
2018-10-19,0.04615799198155202,mid
2018-10-22,0.04588448093478302,mid
2018-10-23,0.0448953749960702,mid
2018-10-24,0.0457430126481582,mid
2018-10-25,0.04515224448559204,mid
2018-10-26,0.0443336237187509,mid
2018-10-29,0.0435564316201157,mid
2018-10-30,0.043760037597272844,mid
2018-10-31,0.043838351232893424,mid
2018-11-01,0.04419321878352942,mid
2018-11-02,0.04413268080453525,mid
2018-11-05,0.04475585635614498,mid
2018-11-06,0.04454287755414939,mid
2018-11-07,0.04526573765238436,mid
2018-11-08,0.045096522719248515,mid
2018-11-09,0.044916312750634686,mid
2018-11-12,0.04462723926243218,mid
2018-11-13,0.04392693555832488,mid
2018-11-14,0.043901690258271404,mid
2018-11-15,0.04324317140783737,mid
2018-11-16,0.042387090174527964,mid
2018-11-19,0.04199465714955062,mid
2018-11-20,0.041375030033271885,mid
2018-11-21,0.040530825085130576,mid
2018-11-23,0.040397766263626934,mid
2018-11-26,0.03975181105095269,mid
2018-11-27,0.04112353920726996,mid
2018-11-28,0.04111341850381837,mid
2018-11-29,0.04084154592469212,mid
2018-11-30,0.04038036848898233,mid
2018-12-03,0.04100981399318022,mid
2018-12-04,0.04167337525760805,mid
2018-12-06,0.041246642105547376,mid
2018-12-07,0.040841673704993225,mid
2018-12-10,0.040317168255061646,mid
2018-12-11,0.039675908063687246,mid
2018-12-12,0.03893328931107457,mid
2018-12-13,0.039022240517976495,mid
2018-12-14,0.038644757000927406,mid
2018-12-17,0.0388815765718328,mid
2018-12-18,0.038621954912252676,mid
2018-12-19,0.03872262615355085,mid
2018-12-20,0.03919101295329096,mid
2018-12-21,0.040261558138008094,mid
2018-12-24,0.04022499555266917,mid
2018-12-26,0.042184160468699376,mid
2018-12-27,0.041743853907305,mid
2018-12-28,0.041964087758932116,mid
2018-12-31,0.04154134538378771,mid
2019-01-02,0.04251626056448004,mid
2019-01-03,0.042379754283961124,mid
2019-01-04,0.04360192316131124,mid
2019-01-07,0.04472401510639448,mid
2019-01-08,0.04411263218521973,mid
2019-01-09,0.05148866733851204,mid
2019-01-10,0.0501627851498532,mid
2019-01-11,0.04894264919697405,mid
2019-01-14,0.05090905199248249,mid
2019-01-15,0.0497741360111201,mid
2019-01-16,0.049156226792151446,mid
2019-01-17,0.04777136957573698,mid
2019-01-18,0.04665886578101931,mid
2019-01-22,0.046269226554483144,mid
2019-01-23,0.04516629007834753,mid
2019-01-24,0.04416617976928974,mid
2019-01-25,0.043120515330731315,mid
2019-01-28,0.04255011296478717,mid
2019-01-29,0.043073446900467986,mid
2019-01-30,0.04244803226551538,mid
2019-01-31,0.041998306315982246,mid
2019-02-01,0.041473005658464915,mid
2019-02-04,0.040811955005473174,mid
2019-02-05,0.04019259468011936,mid
2019-02-06,0.04000099577981386,mid
2019-02-07,0.03967564622750411,mid
2019-02-08,0.03917920206885948,mid
2019-02-11,0.0383273246455876,mid
2019-02-12,0.03793057057726277,mid
2019-02-13,0.03725983119412096,mid
2019-02-14,0.03723792008444052,mid
2019-02-15,0.03682748906870934,calm
2019-02-19,0.03649495941673896,calm
2019-02-20,0.03605290890755869,calm
2019-02-21,0.0400814536689962,mid
2019-02-22,0.040077073680516,mid
2019-02-25,0.03976297894039773,mid
2019-02-26,0.039543365741734,mid
2019-02-27,0.03890770609668263,mid
2019-02-28,0.03855848679357761,mid
2019-03-01,0.03984835881566756,mid
2019-03-04,0.03924242171672775,mid
2019-03-05,0.03845911474327019,mid
2019-03-06,0.03903055282974563,mid
2019-03-07,0.04102333732154247,mid
2019-03-08,0.04094835518168576,mid
2019-03-11,0.04046795676602951,mid
2019-03-12,0.0397257004796114,mid
2019-03-13,0.03901089515568462,mid
2019-03-14,0.04301085012936439,mid
2019-03-15,0.042873741440653285,mid
2019-03-18,0.043011494059940605,mid
2019-03-19,0.04225093829624403,mid
2019-03-20,0.04125310042901787,mid
2019-03-21,0.04046541527744329,mid
2019-03-22,0.040682283603951465,mid
2019-03-25,0.039887100386898085,mid
2019-03-26,0.03913366810830384,mid
2019-03-27,0.03889958801473805,mid
2019-03-28,0.038095807261092254,mid
2019-03-29,0.03739973728296158,mid
2019-04-01,0.0371375919500564,calm
2019-04-02,0.03646154713405571,calm
2019-04-03,0.036075152937476554,calm
2019-04-04,0.03571091587193344,calm
2019-04-05,0.035136084970662076,calm
2019-04-08,0.034299974879219014,calm
2019-04-09,0.03380778852760004,calm
2019-04-10,0.033509607889508325,calm
2019-04-11,0.034093302594389245,calm
2019-04-12,0.0333161742884061,calm
2019-04-15,0.03284837108868776,calm
2019-04-16,0.032385417326797034,calm
2019-04-17,0.03204357641223042,calm
2019-04-18,0.03190463259229967,calm
2019-04-22,0.03351737228397851,calm
2019-04-23,0.03328214255028317,calm
2019-04-24,0.03285394475560036,calm
2019-04-25,0.03269156942977351,calm
2019-04-26,0.032359533474055874,calm
2019-04-29,0.03171224785837253,calm
2019-04-30,0.031909318059208006,calm
2019-05-01,0.032258164161339344,calm
2019-05-02,0.0325481696506438,calm
2019-05-03,0.033035886571650616,calm
2019-05-06,0.032623944578984695,calm
2019-05-07,0.032707731444096215,calm
2019-05-08,0.0346363930507614,calm
2019-05-09,0.03506059927076748,calm
2019-05-10,0.03511195796221611,calm
2019-05-13,0.035688855321980635,calm
2019-05-14,0.035411876987985515,calm
2019-05-15,0.035022729631010774,calm
2019-05-16,0.03491205379272731,calm
2019-05-17,0.034496385727193046,calm
2019-05-20,0.034455026019585624,calm
2019-05-21,0.03422175412338815,calm
2019-05-22,0.03615977602477711,calm
2019-05-23,0.035941737103661976,calm
2019-05-24,0.035133756012206765,calm
2019-05-28,0.03551756545595539,calm
2019-05-29,0.035245192552182995,calm
2019-05-30,0.03485409642063938,calm
2019-05-31,0.03544634117660378,calm
2019-06-03,0.035680447644922,calm
2019-06-04,0.036201585721419516,calm
2019-06-05,0.035919108050043586,calm
2019-06-06,0.03609813358752728,calm
2019-06-07,0.03568929220285364,calm
2019-06-10,0.05851245891289449,crisis
2019-06-11,0.056590762181431185,crisis
2019-06-12,0.05472181582947515,crisis
2019-06-13,0.05398010789418337,crisis
2019-06-14,0.05230189426219912,crisis
2019-06-17,0.05099642055924057,mid
2019-06-18,0.05039139312054625,mid
2019-06-19,0.05170242171152964,mid
2019-06-20,0.05181505650882855,mid
2019-06-21,0.05021629910291054,mid
2019-06-24,0.04920252078551078,mid
2019-06-25,0.04787879079508942,mid
2019-06-26,0.047363726706595194,mid
2019-06-27,0.049543644019052244,mid
2019-06-28,0.04853238671747242,mid
2019-07-01,0.04720200399998139,mid
2019-07-02,0.04584259318004561,mid
2019-07-03,0.04442124813541882,mid
2019-07-05,0.042954031013509635,mid
2019-07-08,0.04187519644387932,mid
2019-07-09,0.042956653491893065,mid
2019-07-10,0.042492037383594965,mid
2019-07-11,0.0413771002162676,mid
2019-07-12,0.040530699627539135,mid
2019-07-15,0.03977550645311073,mid
2019-07-16,0.03879788464241932,mid
2019-07-17,0.03839242466469422,mid
2019-07-18,0.03766890751439433,mid
2019-07-19,0.036809632604622555,calm
2019-07-22,0.03665137026214791,calm
2019-07-23,0.03643345124781527,calm
2019-07-24,0.036056837691573876,calm
2019-07-25,0.036073727504593804,calm
2019-07-26,0.03604014811645465,calm
2019-07-29,0.03578277706101872,calm
2019-07-30,0.035641774995076266,calm
2019-07-31,0.03556552474050111,calm
2019-08-01,0.036622259102385916,calm
2019-08-02,0.03686991168421106,calm
2019-08-05,0.037950297547463194,mid
2019-08-06,0.03804499848328896,mid
2019-08-07,0.0385156470741684,mid
2019-08-08,0.03968466373134722,mid
2019-08-09,0.04086343505374482,mid
2019-08-12,0.040456322914388075,mid
2019-08-13,0.04012264091344749,mid
2019-08-14,0.04055853478245527,mid
2019-08-15,0.040368514152417274,mid
2019-08-16,0.04253446660354119,mid
2019-08-19,0.04303889190120096,mid
2019-08-20,0.042147026129082686,mid
2019-08-21,0.041262189196641846,mid
2019-08-22,0.04044231043200991,mid
2019-08-23,0.04026039340434189,mid
2019-08-26,0.039755248809440785,mid
2019-08-27,0.039343136118431085,mid
2019-08-28,0.038778104392017586,mid
2019-08-29,0.03858620721678167,mid
2019-08-30,0.03761417434911197,mid
2019-09-03,0.037791923456946826,mid
2019-09-04,0.03723728972087111,mid
2019-09-05,0.037380359061570605,mid
2019-09-06,0.03671187263947937,calm
2019-09-09,0.03756936708040596,mid
2019-09-10,0.03839253001236194,mid
2019-09-11,0.03875763318248314,mid
2019-09-12,0.03815646450245673,mid
2019-09-13,0.037474640054175244,mid
2019-09-16,0.03833640537891331,mid
2019-09-17,0.037841438438357355,mid
2019-09-18,0.03691376011178365,calm
2019-09-19,0.036050332203820167,calm
2019-09-20,0.0356023800635673,calm
2019-09-23,0.03507966319393952,calm
2019-09-24,0.03488050959874351,calm
2019-09-25,0.034348125541109505,calm
2019-09-26,0.03401981785733939,calm
2019-09-27,0.033474063873095934,calm
2019-09-30,0.03338107129357695,calm
2019-10-01,0.033553206359477526,calm
2019-10-02,0.033399933924962925,calm
2019-10-03,0.03288083609821818,calm
2019-10-04,0.0324772618541441,calm
2019-10-07,0.031834795739530505,calm
2019-10-08,0.03167222851824046,calm
2019-10-09,0.03111027160567662,calm
2019-10-10,0.031514205752005094,calm
2019-10-11,0.032992526788842944,calm
2019-10-14,0.04417485471175205,mid
2019-10-15,0.04617597837751496,mid
2019-10-16,0.05000850077757546,mid
2019-10-17,0.04863832953981893,mid
2019-10-18,0.04714450734561466,mid
2019-10-21,0.04598320707915227,mid
2019-10-22,0.044971019014996574,mid
2019-10-23,0.0439419861881785,mid
2019-10-24,0.04300522461094233,mid
2019-10-25,0.041982656970035344,mid
2019-10-28,0.04130292458121165,mid
2019-10-29,0.04068197195906241,mid
2019-10-30,0.040648602235044726,mid
2019-10-31,0.04204680093325951,mid
2019-11-01,0.04197899380814544,mid
2019-11-04,0.041436398785091255,mid
2019-11-05,0.042950005006671614,mid
2019-11-06,0.04323476093523873,mid
2019-11-07,0.043390895063274364,mid
2019-11-08,0.043416574489799055,mid
2019-11-11,0.04246017448477157,mid
2019-11-12,0.04563467889367868,mid
2019-11-13,0.04499778801091271,mid
2019-11-14,0.04396735017972204,mid
2019-11-15,0.04398894685481823,mid
2019-11-18,0.048792870037451495,mid
2019-11-19,0.0477485623588906,mid
2019-11-20,0.04702012535603824,mid
2019-11-21,0.04581794305793249,mid
2019-11-22,0.0446816602098419,mid
2019-11-25,0.044574828085981275,mid
2019-11-26,0.04589692234091489,mid
2019-11-27,0.04459413865472636,mid
2019-11-29,0.04337309756777575,mid
2019-12-02,0.042572661890553906,mid
2019-12-03,0.042291807662475936,mid
2019-12-04,0.04154674697899156,mid
2019-12-05,0.04094944854112029,mid
2019-12-06,0.040381197754780954,mid
2019-12-09,0.04165427856274903,mid
2019-12-10,0.044234866461451666,mid
2019-12-11,0.04421606926483333,mid
2019-12-12,0.043644686592173326,mid
2019-12-13,0.04268089849448867,mid
2019-12-16,0.04248936452650047,mid
2019-12-17,0.04171426809261712,mid
2019-12-18,0.04088560170038774,mid
2019-12-19,0.04038217782217918,mid
2019-12-20,0.03996316259448022,mid
2019-12-23,0.04095927384908102,mid
2019-12-24,0.04012415809428766,mid
2019-12-26,0.03965593656577256,mid
2019-12-27,0.03879607916618615,mid
2019-12-30,0.039156610191133825,mid
2019-12-31,0.03836521927427466,mid
2020-01-02,0.0389398460506109,mid
2020-01-03,0.03822823496545645,mid
2020-01-06,0.039297006201075436,mid
2020-01-07,0.03859791633819076,mid
2020-01-08,0.03855643272511262,mid
2020-01-09,0.03841381338390443,mid
2020-01-10,0.04081890919121253,mid
2020-01-13,0.041013004612107676,mid
2020-01-14,0.04060454509573631,mid
2020-01-15,0.039951823963888876,mid
2020-01-16,0.04162369413051148,mid
2020-01-17,0.0406717793664395,mid
2020-01-21,0.04289667356552289,mid
2020-01-22,0.042065503273618826,mid
2020-01-23,0.04265363819594937,mid
2020-01-24,0.04226285952946266,mid
2020-01-27,0.04361275510100354,mid
2020-01-28,0.0430911982271774,mid
2020-01-29,0.0425128003343156,mid
2020-01-30,0.04158413158079077,mid
2020-01-31,0.041584232738446816,mid
2020-02-03,0.04116235456451734,mid
2020-02-04,0.041072806110619225,mid
2020-02-05,0.04118827002960718,mid
2020-02-06,0.04082883437046243,mid
2020-02-07,0.040442055682107785,mid
2020-02-10,0.039936239559765926,mid
2020-02-11,0.039990625488139274,mid
2020-02-12,0.039587381286748956,mid
2020-02-13,0.039434715039286944,mid
2020-02-14,0.04141104917396204,mid
2020-02-18,0.0416387289775426,mid
2020-02-19,0.04129824947871906,mid
2020-02-20,0.04136148158005005,mid
2020-02-21,0.04113087408432583,mid
2020-02-24,0.04235347052820714,mid
2020-02-25,0.04386627364217307,mid
2020-02-26,0.04422513453096272,mid
2020-02-27,0.04935889386737654,mid
2020-02-28,0.050692274376213375,mid
2020-03-02,0.051188217100191766,mid
2020-03-03,0.05077868452125959,mid
2020-03-04,0.05049493916503892,mid
2020-03-05,0.05068705935986625,mid
2020-03-06,0.0515434586804085,mid
2020-03-09,0.06134266483129017,crisis
2020-03-10,0.06694263674593505,crisis
2020-03-11,0.06851429675765093,crisis
2020-03-12,0.07572431202979217,crisis
2020-03-13,0.08586338382624638,crisis
2020-03-16,0.09392114849513115,crisis
2020-03-17,0.09747736243613234,crisis
2020-03-18,0.10518839525990792,crisis
2020-03-19,0.11056443171816539,crisis
2020-03-20,0.11117212725761658,crisis
2020-03-23,0.10857714233876335,crisis
2020-03-24,0.12348576098212136,crisis
2020-03-25,0.12099174413814093,crisis
2020-03-26,0.11863354391943383,crisis
2020-03-27,0.11512397782754921,crisis
2020-03-30,0.11191761552445798,crisis
2020-03-31,0.11042813063089073,crisis
2020-04-01,0.10838586946027207,crisis
2020-04-02,0.10471481165065522,crisis
2020-04-03,0.10135696246440369,crisis
2020-04-06,0.10147469248977486,crisis
2020-04-07,0.09919097436536257,crisis
2020-04-08,0.09715616830261493,crisis
2020-04-09,0.09545935599107351,crisis
2020-04-13,0.0957191772664786,crisis
2020-04-14,0.0930311315661102,crisis
2020-04-15,0.09697089110556054,crisis
2020-04-16,0.09407295342520766,crisis
2020-04-17,0.09193927855198075,crisis
2020-04-20,0.08906054070499068,crisis
2020-04-21,0.08658199399954494,crisis
2020-04-22,0.08388071835848804,crisis
2020-04-23,0.08137241747286927,crisis
2020-04-24,0.07868524518531335,crisis
2020-04-27,0.07749582398529813,crisis
2020-04-28,0.07732121607503423,crisis
2020-04-29,0.07927213423630418,crisis
2020-04-30,0.07748515633033452,crisis
2020-05-01,0.07582487821279527,crisis
2020-05-04,0.07443658065536679,crisis
2020-05-05,0.07294098305455834,crisis
2020-05-06,0.0720208426019078,crisis
2020-05-07,0.07042257097635604,crisis
2020-05-08,0.06981428746604833,crisis
2020-05-11,0.0685631768251057,crisis
2020-05-12,0.06784230240515142,crisis
2020-05-13,0.06736929657459137,crisis
2020-05-14,0.06560736116312757,crisis
2020-05-15,0.06465902988876436,crisis
2020-05-18,0.0662911342067914,crisis
2020-05-19,0.06468856598526,crisis
2020-05-20,0.06427282663751956,crisis
2020-05-21,0.06294353281413224,crisis
2020-05-22,0.06117095342481309,crisis
2020-05-26,0.06083537770962265,crisis
2020-05-27,0.06200980774302311,crisis
2020-05-28,0.06406104907190449,crisis
2020-05-29,0.0627349140392419,crisis
2020-06-01,0.06207443838636602,crisis
2020-06-02,0.06087188320427459,crisis
2020-06-03,0.06084951217522053,crisis
2020-06-04,0.061977746058278216,crisis
2020-06-05,0.06340091258895238,crisis
2020-06-08,0.06862819150045492,crisis
2020-06-09,0.06788118161220727,crisis
2020-06-10,0.06742093764463715,crisis
2020-06-11,0.06989752353669984,crisis
2020-06-12,0.06858319268068877,crisis
2020-06-15,0.06835023744334537,crisis
2020-06-16,0.0710323028219147,crisis
2020-06-17,0.07109167381682649,crisis
2020-06-18,0.06963984667085273,crisis
2020-06-19,0.06781776949853376,crisis
2020-06-22,0.06660633312921208,crisis
2020-06-23,0.06457385846179342,crisis
2020-06-24,0.06337800567177979,crisis
2020-06-25,0.06271477566129265,crisis
2020-06-26,0.062465198265017674,crisis
2020-06-29,0.06194603439555695,crisis
2020-06-30,0.062069137488751924,crisis
2020-07-01,0.061266478700666004,crisis
2020-07-02,0.060243339208669124,crisis
2020-07-06,0.06233960196971233,crisis
2020-07-07,0.06118795957829124,crisis
2020-07-08,0.05951608691962042,crisis
2020-07-09,0.05818500117036674,crisis
2020-07-10,0.05683750669972056,crisis
2020-07-13,0.0678492162137785,crisis
2020-07-14,0.06641557550204256,crisis
2020-07-15,0.0653750642319151,crisis
2020-07-16,0.06372899817828676,crisis
2020-07-17,0.06250782975053037,crisis
2020-07-20,0.06127487835352238,crisis
2020-07-21,0.0603026212594749,crisis
2020-07-22,0.05893957528824655,crisis
2020-07-23,0.05712361663645702,crisis
2020-07-24,0.05581276776446093,crisis
2020-07-27,0.05494774467532512,crisis
2020-07-28,0.05485969916661077,crisis
2020-07-29,0.05705931453636114,crisis
2020-07-30,0.06080682126196125,crisis
2020-07-31,0.059302845074178545,crisis
2020-08-03,0.058585335532336594,crisis
2020-08-04,0.05744027141126675,crisis
2020-08-05,0.05644365569334666,crisis
2020-08-06,0.055913024831618384,crisis
2020-08-07,0.055301260891210624,crisis
2020-08-10,0.05808343046910532,crisis
2020-08-11,0.0574086118342112,crisis
2020-08-12,0.058080455584508146,crisis
2020-08-13,0.057074485428276235,crisis
2020-08-14,0.05536633488305767,crisis
2020-08-17,0.05440705358613992,crisis
2020-08-18,0.05325333373897614,crisis
2020-08-19,0.052212476716071696,mid
2020-08-20,0.052073818539613646,mid
2020-08-21,0.050673984196799055,mid
2020-08-24,0.050405434105805336,mid
2020-08-25,0.04907201636534457,mid
2020-08-26,0.04800304237719101,mid
2020-08-27,0.047719995368025396,mid
2020-08-28,0.046508667347035605,mid
2020-08-31,0.046415054836712245,mid
2020-09-01,0.04584757473641861,mid
2020-09-02,0.04520516231617751,mid
2020-09-03,0.04552105973004278,mid
2020-09-04,0.044498508496741286,mid
2020-09-08,0.045181780455312855,mid
2020-09-09,0.04453082867743993,mid
2020-09-10,0.0438566982024126,mid
2020-09-11,0.04282067212082611,mid
2020-09-14,0.04376890635472947,mid
2020-09-15,0.043954733676068086,mid
2020-09-16,0.04398157478373631,mid
2020-09-17,0.043135480584087255,mid
2020-09-18,0.04265480317475117,mid
2020-09-21,0.043431097410851154,mid
2020-09-22,0.04292892013231327,mid
2020-09-23,0.043210792470718365,mid
2020-09-24,0.045312113502049826,mid
2020-09-25,0.04551969054748359,mid
2020-09-28,0.04544386713075521,mid
2020-09-29,0.04805644372761169,mid
2020-09-30,0.04730525366994294,mid
2020-10-01,0.04656382235417468,mid
2020-10-02,0.046053542588231584,mid
2020-10-05,0.04609041220408221,mid
2020-10-06,0.047019609562712415,mid
2020-10-07,0.047490216089979866,mid
2020-10-08,0.04802531663390961,mid
2020-10-09,0.0467102521680229,mid
2020-10-12,0.04587614031853384,mid
2020-10-13,0.04483774079102791,mid
2020-10-14,0.043861826170450056,mid
2020-10-15,0.043114629609551765,mid
2020-10-16,0.04281345507202569,mid
2020-10-19,0.04261299029674396,mid
2020-10-20,0.04175856693453886,mid
2020-10-21,0.04266286113539358,mid
2020-10-22,0.042616484626078324,mid
2020-10-23,0.0420226649546072,mid
2020-10-26,0.041808672745714676,mid
2020-10-27,0.04175072597692912,mid
2020-10-28,0.042753904255591384,mid
2020-10-29,0.042612108123292566,mid
2020-10-30,0.04231831114885379,mid
2020-11-02,0.0421781316046715,mid
2020-11-03,0.042509395697311374,mid
2020-11-04,0.04276259090408939,mid
2020-11-05,0.045115486996244916,mid
2020-11-06,0.04511357015410614,mid
2020-11-09,0.05107793762953081,mid
2020-11-10,0.050842238082619735,mid
2020-11-11,0.05137071736606959,mid
2020-11-12,0.05058721960178702,mid
2020-11-13,0.04984388618265988,mid
2020-11-16,0.04998629659747391,mid
2020-11-17,0.049060229617812194,mid
2020-11-18,0.04800025049444756,mid
2020-11-19,0.04734983768446205,mid
2020-11-20,0.0463892037640101,mid
2020-11-23,0.04916729163403959,mid
2020-11-24,0.04962502852217691,mid
2020-11-25,0.04866941114570164,mid
2020-11-27,0.04785052293688991,mid
2020-11-30,0.04890574476251427,mid
2020-12-01,0.04816373063701576,mid
2020-12-02,0.04736845609319875,mid
2020-12-03,0.047150048411900396,mid
2020-12-04,0.04815754937717909,mid
2020-12-07,0.047944945756326206,mid
2020-12-08,0.050841075470251115,mid
2020-12-09,0.07164238415366395,crisis
2020-12-10,0.07019734362361564,crisis
2020-12-11,0.06790205417535858,crisis
2020-12-14,0.06613845094725637,crisis
2020-12-15,0.0643780300468901,crisis
2020-12-16,0.062193880991029515,crisis
2020-12-17,0.0650349276792361,crisis
2020-12-18,0.06348282155468175,crisis
2020-12-21,0.06202719193552615,crisis
2020-12-22,0.06092733877445923,crisis
2020-12-23,0.06111472341052768,crisis
2020-12-24,0.060795195758606944,crisis
2020-12-28,0.06347735857033907,crisis
2020-12-29,0.06208939531323598,crisis
2020-12-30,0.060649998003583144,crisis
2020-12-31,0.058829331216158,crisis
2021-01-04,0.05866420768281915,crisis
2021-01-05,0.05802025678833743,crisis
2021-01-06,0.05833775302070943,crisis
2021-01-07,0.0591121661525751,crisis
2021-01-08,0.05866856759722515,crisis
2021-01-11,0.05739453219944256,crisis
2021-01-12,0.05679523167312124,crisis
2021-01-13,0.055653006255468145,crisis
2021-01-14,0.05500834652709298,crisis
2021-01-15,0.05382371988922259,crisis
2021-01-19,0.05663348985538507,crisis
2021-01-20,0.05940483799649917,crisis
2021-01-21,0.05873154435253248,crisis
2021-01-22,0.05737656214243392,crisis
2021-01-25,0.05737647841145566,crisis
2021-01-26,0.05724818467606736,crisis
2021-01-27,0.06564084480960015,crisis
2021-01-28,0.0815179061944307,crisis
2021-01-29,0.07946651885466548,crisis
2021-02-01,0.0776521064540645,crisis
2021-02-02,0.07603049710139266,crisis
2021-02-03,0.07451765072354445,crisis
2021-02-04,0.0725893131927589,crisis
2021-02-05,0.0708345737595103,crisis
2021-02-08,0.07107226481391576,crisis
2021-02-09,0.07119622229255679,crisis
2021-02-10,0.06993180942643672,crisis
2021-02-11,0.06844430662549078,crisis
2021-02-12,0.0664488970632667,crisis
2021-02-16,0.07035455590590325,crisis
2021-02-17,0.0688493789918087,crisis
2021-02-18,0.0672997862243628,crisis
2021-02-19,0.06563518852685178,crisis
2021-02-22,0.06423633152984635,crisis
2021-02-23,0.06323530530764589,crisis
2021-02-24,0.062456477516036446,crisis
2021-02-25,0.062032033144185705,crisis
2021-02-26,0.06074678860273752,crisis
2021-03-01,0.06045125491220645,crisis
2021-03-02,0.05890919448171325,crisis
2021-03-03,0.05815826870040287,crisis
2021-03-04,0.05858909124678263,crisis
2021-03-05,0.0592165465754908,crisis
2021-03-08,0.05854104582000408,crisis
2021-03-09,0.05992711282097619,crisis
2021-03-10,0.058739801328584834,crisis
2021-03-11,0.05835011266148741,crisis
2021-03-12,0.05662119709947689,crisis
2021-03-15,0.055979063521225815,crisis
2021-03-16,0.055158840356160074,crisis
2021-03-17,0.0552177941028269,crisis
2021-03-18,0.05435913766864156,crisis
2021-03-19,0.05320634066318184,crisis
2021-03-22,0.05331332109471088,crisis
2021-03-23,0.0549508800869933,crisis
2021-03-24,0.05459833882711336,crisis
2021-03-25,0.05349427648178653,crisis
2021-03-26,0.05227005617291479,mid
2021-03-29,0.05175215079007173,mid
2021-03-30,0.05064532934321384,mid
2021-03-31,0.05003039200511941,mid
2021-04-01,0.049861996912219424,mid
2021-04-05,0.048855177961059294,mid
2021-04-06,0.047544540821743746,mid
2021-04-07,0.046325316256134036,mid
2021-04-08,0.045206389662707944,mid
2021-04-09,0.043961724549173666,mid
2021-04-12,0.043351987201726484,mid
2021-04-13,0.042495920509808625,mid
2021-04-14,0.04150826485557873,mid
2021-04-15,0.04066615279953122,mid
2021-04-16,0.039965848123622874,mid
2021-04-19,0.0395045030047723,mid
2021-04-20,0.039139520397815,mid
2021-04-21,0.039278624321179595,mid
2021-04-22,0.038440793344432164,mid
2021-04-23,0.0382383041531274,mid
2021-04-26,0.03845804272535055,mid
2021-04-27,0.03778807296289937,mid
2021-04-28,0.03730290295043376,mid
2021-04-29,0.036967766803557886,calm
2021-04-30,0.03654111804484311,calm
2021-05-03,0.04167057660364874,mid
2021-05-04,0.04186657567402684,mid
2021-05-05,0.04212442435250192,mid
2021-05-06,0.04216114986061869,mid
2021-05-07,0.04180400674213748,mid
2021-05-10,0.04207833045518035,mid
2021-05-11,0.0415595555267266,mid
2021-05-12,0.0418203683741672,mid
2021-05-13,0.04177032056997302,mid
2021-05-14,0.04223587721686818,mid
2021-05-17,0.04159859044946941,mid
2021-05-18,0.04111551152269727,mid
2021-05-19,0.040223513281102054,mid
2021-05-20,0.039881987631587595,mid
2021-05-21,0.03930955779166709,mid
2021-05-24,0.03891065825169876,mid
2021-05-25,0.03851787222386459,mid
2021-05-26,0.03823024074856597,mid
2021-05-27,0.0381795967698468,mid
2021-05-28,0.0378599060491356,mid
2021-06-01,0.038069072100762234,mid
2021-06-02,0.03857214301381991,mid
2021-06-03,0.03810153581138576,mid
2021-06-04,0.03765978369836965,mid
2021-06-07,0.037984908372884714,mid
2021-06-08,0.03800890929591003,mid
2021-06-09,0.041766907126431566,mid
2021-06-10,0.041340855776017836,mid
2021-06-11,0.04054938346404937,mid
2021-06-14,0.04034010496327332,mid
2021-06-15,0.039939943928538175,mid
2021-06-16,0.03922134766760951,mid
2021-06-17,0.03859982300612248,mid
2021-06-18,0.03827379559701972,mid
2021-06-21,0.038478472114665076,mid
2021-06-22,0.03800915728854598,mid
2021-06-23,0.037206678240068236,mid
2021-06-24,0.03684172829596241,calm
2021-06-25,0.03652757729538608,calm
2021-06-28,0.03696285683092778,calm
2021-06-29,0.03878549025918035,mid
2021-06-30,0.03892886110907377,mid
2021-07-01,0.03837591333767235,mid
2021-07-02,0.03804728448081755,mid
2021-07-06,0.03799278014120527,mid
2021-07-07,0.03776421883132571,mid
2021-07-08,0.03770634905074268,mid
2021-07-09,0.03757921263307832,mid
2021-07-12,0.04088825703157727,mid
2021-07-13,0.04093378884415789,mid
2021-07-14,0.04055041001769668,mid
2021-07-15,0.03966665341490155,mid
2021-07-16,0.038920944715853965,mid
2021-07-19,0.038911278488120864,mid
2021-07-20,0.040357783942530576,mid
2021-07-21,0.040862229848174746,mid
2021-07-22,0.0404943958306775,mid
2021-07-23,0.04172298265167217,mid
2021-07-26,0.04087535467842131,mid
2021-07-27,0.04007597016475627,mid
2021-07-28,0.03949039395509209,mid
2021-07-29,0.03901617418323499,mid
2021-07-30,0.03820271085154347,mid
2021-08-02,0.03800226118090623,mid
2021-08-03,0.037719570516479534,mid
2021-08-04,0.03796876956536804,mid
2021-08-05,0.03831045222108046,mid
2021-08-06,0.037869776845414746,mid
2021-08-09,0.0375200031056403,mid
2021-08-10,0.03803475731278921,mid
2021-08-11,0.037721819998867256,mid
2021-08-12,0.03765677962349301,mid
2021-08-13,0.037598700907198544,mid
2021-08-16,0.037295578609895415,mid
2021-08-17,0.0392014924892375,mid
2021-08-18,0.03932443415963811,mid
2021-08-19,0.03918135188341432,mid
2021-08-20,0.03853727074158832,mid
2021-08-23,0.038710086154661795,mid
2021-08-24,0.03812693967387899,mid
2021-08-25,0.037797677118284356,mid
2021-08-26,0.03706495392740567,calm
2021-08-27,0.037435425356754704,mid
2021-08-30,0.03729951842311177,mid
2021-08-31,0.03693749967998484,calm
2021-09-01,0.03843798637049278,mid
2021-09-02,0.03786558580873103,mid
2021-09-03,0.0372905272584834,mid
2021-09-07,0.037047014990749055,calm
2021-09-08,0.03729714239118182,mid
2021-09-09,0.03693109632615408,calm
2021-09-10,0.03668107163108278,calm
2021-09-13,0.03670985085588858,calm
2021-09-14,0.036380625585643755,calm
2021-09-15,0.03609910480965059,calm
2021-09-16,0.035691872403833,calm
2021-09-17,0.03662427754034665,calm
2021-09-20,0.037159341238442875,calm
2021-09-21,0.03693774421757218,calm
2021-09-22,0.03655724520623757,calm
2021-09-23,0.036591238208852905,calm
2021-09-24,0.03601004442941166,calm
2021-09-27,0.03599422932753895,calm
2021-09-28,0.03592327021389007,calm
2021-09-29,0.03580287801235142,calm
2021-09-30,0.03554074758352099,calm
2021-10-01,0.035425930759629784,calm
2021-10-04,0.03556216357010373,calm
2021-10-05,0.0349646978635827,calm
2021-10-06,0.03451352207842285,calm
2021-10-07,0.03445206204376774,calm
2021-10-08,0.034302378486696324,calm
2021-10-11,0.03444066013189011,calm
2021-10-12,0.03454963159965681,calm
2021-10-13,0.03457110137388703,calm
2021-10-14,0.03406695153709304,calm
2021-10-15,0.033415933998805526,calm
2021-10-18,0.033183518666539936,calm
2021-10-19,0.032977934394183936,calm
2021-10-20,0.03245027728386593,calm
2021-10-21,0.03604933194481875,calm
2021-10-22,0.0428266494879846,mid
2021-10-25,0.043788106863856605,mid
2021-10-26,0.04428228712530883,mid
2021-10-27,0.043716955360003466,mid
2021-10-28,0.04333774486514485,mid
2021-10-29,0.04241841226054881,mid
2021-11-01,0.04298867187897565,mid
2021-11-02,0.04277314202813402,mid
2021-11-03,0.04291403753520303,mid
2021-11-04,0.04252784416329185,mid
2021-11-05,0.0426389925576296,mid
2021-11-08,0.04327645180379494,mid
2021-11-09,0.042709175205222216,mid
2021-11-10,0.04246672572024911,mid
2021-11-11,0.04254000852573222,mid
2021-11-12,0.041990883082005936,mid
2021-11-15,0.04172175720491239,mid
2021-11-16,0.04145557336554492,mid
2021-11-17,0.04071436697101743,mid
2021-11-18,0.04105962623144043,mid
2021-11-19,0.04035610391651333,mid
2021-11-22,0.04153396279134126,mid
2021-11-23,0.043046299166405656,mid
2021-11-24,0.043082820814806216,mid
2021-11-26,0.043129919506068995,mid
2021-11-29,0.043171080891336595,mid
2021-11-30,0.04342896245150091,mid
2021-12-01,0.04353793250566539,mid
2021-12-02,0.0431438599742118,mid
2021-12-03,0.043168573223680146,mid
2021-12-06,0.04426047088460044,mid
2021-12-07,0.04482673331601434,mid
2021-12-08,0.04427942723534522,mid
2021-12-09,0.04405382595600822,mid
2021-12-10,0.04321110178061356,mid
2021-12-13,0.043542741200804966,mid
2021-12-14,0.043402694866444845,mid
2021-12-15,0.04276875231792322,mid
2021-12-16,0.04264148298956881,mid
2021-12-17,0.04262446061272716,mid
2021-12-20,0.04378285943203331,mid
2021-12-21,0.04387609540258306,mid
2021-12-22,0.04318989337324388,mid
2021-12-23,0.04237680846025787,mid
2021-12-27,0.04185641464394901,mid
2021-12-28,0.0410314192069985,mid
2021-12-29,0.04006853115797538,mid
2021-12-30,0.03941704417581442,mid
2021-12-31,0.03934900663092319,mid
2022-01-03,0.040548127668334086,mid
2022-01-04,0.040403494352330704,mid
2022-01-05,0.04126141146972864,mid
2022-01-06,0.04065044194041986,mid
2022-01-07,0.039946548996478135,mid
2022-01-10,0.03955376522855727,mid
2022-01-11,0.03926598979819912,mid
2022-01-12,0.03860815817646951,mid
2022-01-13,0.0382798696880201,mid
2022-01-14,0.03789710275030101,mid
2022-01-18,0.03851042872603931,mid
2022-01-19,0.03806955670627846,mid
2022-01-20,0.03750374596529247,mid
2022-01-21,0.038135902781983685,mid
2022-01-24,0.03845996750840819,mid
2022-01-25,0.03815756585493354,mid
2022-01-26,0.037814178758536085,mid
2022-01-27,0.038522651374675844,mid
2022-01-28,0.039116358358499644,mid
2022-01-31,0.04106289175327985,mid
2022-02-01,0.04054461083179881,mid
2022-02-02,0.04038266416069477,mid
2022-02-03,0.043328948987347134,mid
2022-02-04,0.04264076592803514,mid
2022-02-07,0.04226144839144463,mid
2022-02-08,0.04167714725218439,mid
2022-02-09,0.04168886187684811,mid
2022-02-10,0.0412347690207057,mid
2022-02-11,0.041026399888249895,mid
2022-02-14,0.04025695853807575,mid
2022-02-15,0.04253551321146875,mid
2022-02-16,0.04166028691804857,mid
2022-02-17,0.0539753763629176,crisis
2022-02-18,0.05271063990167673,crisis
2022-02-22,0.05151222183968077,mid
2022-02-23,0.050907675311198684,mid
2022-02-24,0.0513037085310846,mid
2022-02-25,0.05060992499880345,mid
2022-02-28,0.05006063318199127,mid
2022-03-01,0.04945835883945073,mid
2022-03-02,0.04872960919330157,mid
2022-03-03,0.047903589974888895,mid
2022-03-04,0.04859286579667155,mid
2022-03-07,0.05498378194143499,crisis
2022-03-08,0.05513655103156478,crisis
2022-03-09,0.05585924868014733,crisis
2022-03-10,0.054850369464163024,crisis
2022-03-11,0.054090789973071145,crisis
2022-03-14,0.0540896204639115,crisis
2022-03-15,0.0531648413019655,crisis
2022-03-16,0.0532341289165049,crisis
2022-03-17,0.053324439216654244,crisis
2022-03-18,0.05249749811903761,crisis
2022-03-21,0.05181506899042357,mid
2022-03-22,0.05067353632262974,mid
2022-03-23,0.04963035480987287,mid
2022-03-24,0.04849208946919925,mid
2022-03-25,0.0475506884847956,mid
2022-03-28,0.0468290599794747,mid
2022-03-29,0.04673384787186475,mid
2022-03-30,0.04608566669860717,mid
2022-03-31,0.04537032822793013,mid
2022-04-01,0.04468426440846158,mid
2022-04-04,0.044173753773342476,mid
2022-04-05,0.044163303271932935,mid
2022-04-06,0.04354244611321442,mid
2022-04-07,0.04312610877963972,mid
2022-04-08,0.04302125931101267,mid
2022-04-11,0.04333050062833135,mid
2022-04-12,0.042460693204453274,mid
2022-04-13,0.04191666958164077,mid
2022-04-14,0.04134598883278671,mid
2022-04-18,0.04109360344334543,mid
2022-04-19,0.04340888597764158,mid
2022-04-20,0.04262040540522206,mid
2022-04-21,0.04263629011100099,mid
2022-04-22,0.04238248413388581,mid
2022-04-25,0.042349145865938936,mid
2022-04-26,0.04284387562479187,mid
2022-04-27,0.04216073607822367,mid
2022-04-28,0.04224037868934628,mid
2022-04-29,0.04259700808948269,mid
2022-05-02,0.04278088254184465,mid
2022-05-03,0.042509704888738856,mid
2022-05-04,0.04263757857999586,mid
2022-05-05,0.043754266025055964,mid
2022-05-06,0.04380537919036774,mid
2022-05-09,0.04696270996017246,mid
2022-05-10,0.04768462359041504,mid
2022-05-11,0.048863377077590926,mid
2022-05-12,0.04904404807343958,mid
2022-05-13,0.050577958331022056,mid
2022-05-16,0.04993829407668284,mid
2022-05-17,0.05004118909460698,mid
2022-05-18,0.05018012370490019,mid
2022-05-19,0.049254161325968944,mid
2022-05-20,0.04833593427375975,mid
2022-05-23,0.04867851451458494,mid
2022-05-24,0.04868664055794828,mid
2022-05-25,0.0483778455226361,mid
2022-05-26,0.0478083506562662,mid
2022-05-27,0.0479048157175508,mid
2022-05-31,0.0501045058369417,mid
2022-06-01,0.04909103741639824,mid
2022-06-02,0.048667922107856504,mid
2022-06-03,0.04814064236386032,mid
2022-06-06,0.04827354954887032,mid
2022-06-07,0.049127795801654495,mid
2022-06-08,0.04855652745912021,mid
2022-06-09,0.048282094916098424,mid
2022-06-10,0.048440257095819235,mid
2022-06-13,0.05068363056925366,mid
2022-06-14,0.05001263970706641,mid
2022-06-15,0.05025244761325525,mid
2022-06-16,0.05193370689822647,mid
2022-06-17,0.051819514487805377,mid
2022-06-21,0.05141414770280411,mid
2022-06-22,0.05075395039360065,mid
2022-06-23,0.05059531271589542,mid
2022-06-24,0.05078529540527811,mid
2022-06-27,0.05089329517892677,mid
2022-06-28,0.05002439873072972,mid
2022-06-29,0.048970577323788185,mid
2022-06-30,0.04807478564663066,mid
2022-07-01,0.04723659039506019,mid
2022-07-05,0.04733880500352518,mid
2022-07-06,0.04629339708562663,mid
2022-07-07,0.046395212142180994,mid
2022-07-08,0.04532133592001563,mid
2022-07-11,0.04630198897318605,mid
2022-07-12,0.04624182702466542,mid
2022-07-13,0.04529590059549325,mid
2022-07-14,0.04423582058958843,mid
2022-07-15,0.04353543102426132,mid
2022-07-18,0.04259116939264621,mid
2022-07-19,0.042931198001692615,mid
2022-07-20,0.04269231540427435,mid
2022-07-21,0.04196311919443541,mid
2022-07-22,0.04192558450910598,mid
2022-07-25,0.04207572162830023,mid
2022-07-26,0.041813469467932136,mid
2022-07-27,0.04179598606417782,mid
2022-07-28,0.04184286739876375,mid
2022-07-29,0.042341600106429435,mid
2022-08-01,0.04602076227360202,mid
2022-08-02,0.04779979552751829,mid
2022-08-03,0.04975004032647327,mid
2022-08-04,0.05045248183960258,mid
2022-08-05,0.050184394722966985,mid
2022-08-08,0.05004715250962106,mid
2022-08-09,0.050140515239232956,mid
2022-08-10,0.05241052417768898,crisis
2022-08-11,0.05163083201260691,mid
2022-08-12,0.05170228073177175,mid
2022-08-15,0.05134461681396899,mid
2022-08-16,0.050861120834025206,mid
2022-08-17,0.05085266218946109,mid
2022-08-18,0.04957923561868413,mid
2022-08-19,0.04887240157534576,mid
2022-08-22,0.0482334977276754,mid
2022-08-23,0.04699318442685786,mid
2022-08-24,0.04592303769908958,mid
2022-08-25,0.04489735772010746,mid
2022-08-26,0.04479763339435481,mid
2022-08-29,0.043722167332093526,mid
2022-08-30,0.04319261237170996,mid
2022-08-31,0.04270536704472548,mid
2022-09-01,0.04268947537098671,mid
2022-09-02,0.04193028338835671,mid
2022-09-06,0.04232623885667425,mid
2022-09-07,0.04219060258868654,mid
2022-09-08,0.04246025524887646,mid
2022-09-09,0.04191229522020302,mid
2022-09-12,0.04123362290393848,mid
2022-09-13,0.04269057340251019,mid
2022-09-14,0.04198160905075533,mid
2022-09-15,0.04155318147474209,mid
2022-09-16,0.042011176609159775,mid
2022-09-19,0.041844287248868,mid
2022-09-20,0.04276939784697864,mid
2022-09-21,0.04199928398825988,mid
2022-09-22,0.042510164560582486,mid
2022-09-23,0.042429400542089456,mid
2022-09-26,0.041677390214335926,mid
2022-09-27,0.04127529770618058,mid
2022-09-28,0.042598905386043204,mid
2022-09-29,0.042588409740759364,mid
2022-09-30,0.042060293164018485,mid
2022-10-03,0.05187830363281719,mid
2022-10-04,0.05259649082993418,crisis
2022-10-05,0.051653032149509705,mid
2022-10-06,0.051364296385462825,mid
2022-10-07,0.050910806663947525,mid
2022-10-10,0.04985270324810353,mid
2022-10-11,0.04869700725298526,mid
2022-10-12,0.04755699499673791,mid
2022-10-13,0.04676228679035639,mid
2022-10-14,0.04622102703482991,mid
2022-10-17,0.04647676915605366,mid
2022-10-18,0.04582684944662223,mid
2022-10-19,0.04551883025244869,mid
2022-10-20,0.04476120554541036,mid
2022-10-21,0.044145352100653484,mid
2022-10-24,0.043223735405017866,mid
2022-10-25,0.04380076135569234,mid
2022-10-26,0.0429872029703611,mid
2022-10-27,0.042802275743915714,mid
2022-10-28,0.04297935433156168,mid
2022-10-31,0.04265711742928362,mid
2022-11-01,0.04194828211679426,mid
2022-11-02,0.04289209902148547,mid
2022-11-03,0.0429728633618267,mid
2022-11-04,0.044065810906747896,mid
2022-11-07,0.04372679860325715,mid
2022-11-08,0.043612491331571725,mid
2022-11-09,0.04582548092889997,mid
2022-11-10,0.05090543103451915,mid
2022-11-11,0.05115631958748294,mid
2022-11-14,0.05070985755479359,mid
2022-11-15,0.04995101315537974,mid
2022-11-16,0.049154833564940735,mid
2022-11-17,0.04819743208243851,mid
2022-11-18,0.04810860968440937,mid
2022-11-21,0.047487295052280803,mid
2022-11-22,0.04656696331129072,mid
2022-11-23,0.045431109280128536,mid
2022-11-25,0.044008189950951765,mid
2022-11-28,0.04340785671019397,mid
2022-11-29,0.04245820578803497,mid
2022-11-30,0.042571079466255914,mid
2022-12-01,0.042266505661245984,mid
2022-12-02,0.04149268763880817,mid
2022-12-05,0.04145614033807794,mid
2022-12-06,0.042367182632343535,mid
2022-12-07,0.042663693303470474,mid
2022-12-08,0.04236846520531199,mid
2022-12-09,0.042105378583577734,mid
2022-12-12,0.0427760883750931,mid
2022-12-13,0.042557721358299785,mid
2022-12-14,0.04237364069819107,mid
2022-12-15,0.04225518271896113,mid
2022-12-16,0.04386523061867629,mid
2022-12-19,0.046209419456861245,mid
2022-12-20,0.045210890140416474,mid
2022-12-21,0.04462511913083057,mid
2022-12-22,0.04445714186493572,mid
2022-12-23,0.043956401186006265,mid
2022-12-27,0.04371088201461539,mid
2022-12-28,0.04438892334545649,mid
2022-12-29,0.04567596001663416,mid
2022-12-30,0.045645684518589885,mid
2023-01-03,0.05400424349402523,crisis
2023-01-04,0.05390541749593491,crisis
2023-01-05,0.053412835032442894,crisis
2023-01-06,0.052713203236660386,crisis
2023-01-09,0.05277163516408218,crisis
2023-01-10,0.05262309969359106,crisis
2023-01-11,0.05357546939676398,crisis
2023-01-12,0.054762277074355985,crisis
2023-01-13,0.05333595067991534,crisis
2023-01-17,0.05207896137524125,mid
2023-01-18,0.05127434240260044,mid
2023-01-19,0.050002887753765865,mid
2023-01-20,0.04903356932290132,mid
2023-01-23,0.050056612982086635,mid
2023-01-24,0.04880289707095428,mid
2023-01-25,0.04773441735369148,mid
2023-01-26,0.04694205126702495,mid
2023-01-27,0.046403023956762615,mid
2023-01-30,0.046345251827138334,mid
2023-01-31,0.05812323916880706,crisis
2023-02-01,0.05751325807671768,crisis
2023-02-02,0.059157911205881285,crisis
2023-02-03,0.058667025475578234,crisis
2023-02-06,0.05738480121519034,crisis
2023-02-07,0.057060411245304817,crisis
2023-02-08,0.055956240272267595,crisis
2023-02-09,0.059555938739219834,crisis
2023-02-10,0.057951387402066956,crisis
2023-02-13,0.056308890824374735,crisis
2023-02-14,0.054553089465700665,crisis
2023-02-15,0.05378482618456206,crisis
2023-02-16,0.05388709512003601,crisis
2023-02-17,0.05264028650815642,crisis
2023-02-21,0.05204552056063583,mid
2023-02-22,0.05089406582686578,mid
2023-02-23,0.05027510304628811,mid
2023-02-24,0.04958833604224492,mid
2023-02-27,0.04837910813038905,mid
2023-02-28,0.048291707936321183,mid
2023-03-01,0.04888629733054551,mid
2023-03-02,0.04787192486030079,mid
2023-03-03,0.047063827599063995,mid
2023-03-06,0.04796727817010881,mid
2023-03-07,0.04714135676693106,mid
2023-03-08,0.0462344093627572,mid
2023-03-09,0.04673004180620121,mid
2023-03-10,0.047066072359901484,mid
2023-03-13,0.04912153922976245,mid
2023-03-14,0.048647140327865865,mid
2023-03-15,0.04830812360479598,mid
2023-03-16,0.048085795203806736,mid
2023-03-17,0.048361347559708466,mid
2023-03-20,0.0476768311624217,mid
2023-03-21,0.04972666416267072,mid
2023-03-22,0.04903098709055221,mid
2023-03-23,0.04826590497705594,mid
2023-03-24,0.046991544131241715,mid
2023-03-27,0.046423767346661454,mid
2023-03-28,0.045870130352687145,mid
2023-03-29,0.04508536684030943,mid
2023-03-30,0.044334203951882374,mid
2023-03-31,0.04428837910844766,mid
2023-04-03,0.044591761788890114,mid
2023-04-04,0.044335391139593484,mid
2023-04-05,0.04371449240101768,mid
2023-04-06,0.04429965123460702,mid
2023-04-10,0.04427695764669196,mid
2023-04-11,0.04476163644317464,mid
2023-04-12,0.04433999429262466,mid
2023-04-13,0.04731898102067247,mid
2023-04-14,0.051273551161029864,mid
2023-04-17,0.0520889333682918,mid
2023-04-18,0.05105867665048202,mid
2023-04-19,0.04963801570484804,mid
2023-04-20,0.04867301721493552,mid
2023-04-21,0.04893186030026416,mid
2023-04-24,0.04888763219490338,mid
2023-04-25,0.04842749333281603,mid
2023-04-26,0.04749514542607082,mid
2023-04-27,0.0467013083297293,mid
2023-04-28,0.045937359510760965,mid
2023-05-01,0.07204981693293853,crisis
2023-05-02,0.07082703625547303,crisis
2023-05-03,0.06961307618248286,crisis
2023-05-04,0.06817165587617452,crisis
2023-05-05,0.0670393603190623,crisis
2023-05-08,0.06769895974238252,crisis
2023-05-09,0.065805796030605,crisis
2023-05-10,0.06447915666986916,crisis
2023-05-11,0.06274140072203274,crisis
2023-05-12,0.06181115964619263,crisis
2023-05-15,0.061106435071341794,crisis
2023-05-16,0.059732489426043055,crisis
2023-05-17,0.05849719376131325,crisis
2023-05-18,0.0571494535423974,crisis
2023-05-19,0.05549046956930646,crisis
2023-05-22,0.05614511832943874,crisis
2023-05-23,0.05589114464111802,crisis
2023-05-24,0.05476778278488416,crisis
2023-05-25,0.053782502736683405,crisis
2023-05-26,0.052987274594096564,crisis
2023-05-30,0.0519373078907358,mid
2023-05-31,0.05059087009284861,mid
2023-06-01,0.04967631195948473,mid
2023-06-02,0.049625166495427905,mid
2023-06-05,0.04900017738246177,mid
2023-06-06,0.04853454052380204,mid
2023-06-07,0.047971171567848504,mid
2023-06-08,0.04680757655817657,mid
2023-06-09,0.045897285718141174,mid
2023-06-12,0.04622804437065229,mid
2023-06-13,0.045524446839171756,mid
2023-06-14,0.04493596356334051,mid
2023-06-15,0.04526833909403208,mid
2023-06-16,0.04474036941071997,mid
2023-06-20,0.04408645883200215,mid
2023-06-21,0.04331029281143934,mid
2023-06-22,0.04259631644795516,mid
2023-06-23,0.04248662211166423,mid
2023-06-26,0.042350584663336674,mid
2023-06-27,0.04346380740128569,mid
2023-06-28,0.04285798136210735,mid
2023-06-29,0.04732117237365878,mid
2023-06-30,0.04649050276387164,mid
2023-07-03,0.045259879472192316,mid
2023-07-05,0.0442817301565527,mid
2023-07-06,0.04361754671350118,mid
2023-07-07,0.04301050216665159,mid
2023-07-10,0.042489535641748365,mid
2023-07-11,0.04211182157874302,mid
2023-07-12,0.0426104969919039,mid
2023-07-13,0.04322097931715092,mid
2023-07-14,0.042757319900178004,mid
2023-07-17,0.042436940910997104,mid
2023-07-18,0.04199961123623804,mid
2023-07-19,0.041294761712697206,mid
2023-07-20,0.04127635250523543,mid
2023-07-21,0.0404539915376505,mid
2023-07-24,0.04048066514841968,mid
2023-07-25,0.039945911337141704,mid
2023-07-26,0.039455491978440706,mid
2023-07-27,0.0398137235015896,mid
2023-07-28,0.0399116556444161,mid
2023-07-31,0.04027865730873707,mid
2023-08-01,0.041762892095164116,mid
2023-08-02,0.042015169160736665,mid
2023-08-03,0.042173393490428715,mid
2023-08-04,0.042481938859307754,mid
2023-08-07,0.05423839990734971,crisis
2023-08-08,0.05306267638525634,crisis
2023-08-09,0.05324836015548409,crisis
2023-08-10,0.05226381893180579,mid
2023-08-11,0.05105692557744244,mid
2023-08-14,0.05275348245974795,crisis
2023-08-15,0.051957943454406526,mid
2023-08-16,0.050826927923188416,mid
2023-08-17,0.04958016370072995,mid
2023-08-18,0.04839421233720491,mid
2023-08-21,0.04751047604252006,mid
2023-08-22,0.04628222967102419,mid
2023-08-23,0.04525061294384077,mid
2023-08-24,0.04480189686678719,mid
2023-08-25,0.04366270346927761,mid
2023-08-28,0.043035830498972104,mid
2023-08-29,0.04416645914332856,mid
2023-08-30,0.043672868912441945,mid
2023-08-31,0.04865681033102702,mid
2023-09-01,0.048443135526685714,mid
2023-09-05,0.05077580376632192,mid
2023-09-06,0.04998937313298981,mid
2023-09-07,0.04887679887223991,mid
2023-09-08,0.04761172553822479,mid
2023-09-11,0.04680239935163272,mid
2023-09-12,0.046202765455979344,mid
2023-09-13,0.04531158046074525,mid
2023-09-14,0.04452238702610759,mid
2023-09-15,0.043894551231385345,mid
2023-09-18,0.044053658442728925,mid
2023-09-19,0.04356412026923971,mid
2023-09-20,0.042940854456849684,mid
2023-09-21,0.042259728626498586,mid
2023-09-22,0.041139089846395645,mid
2023-09-25,0.04282646274132379,mid
2023-09-26,0.0522002224542264,mid
2023-09-27,0.05115032523297777,mid
2023-09-28,0.04998650887647229,mid
2023-09-29,0.04945867121600278,mid
2023-10-02,0.04878220347972925,mid
2023-10-03,0.048355840833546264,mid
2023-10-04,0.04727323210698533,mid
2023-10-05,0.046303130107520546,mid
2023-10-06,0.04526560655919664,mid
2023-10-09,0.04456210110759274,mid
2023-10-10,0.04398833228194154,mid
2023-10-11,0.20207420186718522,crisis
2023-10-12,0.19309147976692978,crisis
2023-10-13,0.1846230490046386,crisis
2023-10-16,0.17650124743331913,crisis
2023-10-17,0.16875302881397058,crisis
2023-10-18,0.1613900545783015,crisis
2023-10-19,0.15433393859770597,crisis
2023-10-20,0.14753115877328807,crisis
2023-10-23,0.14184176368603704,crisis
2023-10-24,0.13573880961431847,crisis
2023-10-25,0.13007946378119226,crisis
2023-10-26,0.1245922834512764,crisis
2023-10-27,0.11941683383987088,crisis
2023-10-30,0.11499105423983462,crisis
2023-10-31,0.11033461223940712,crisis
2023-11-01,0.10595528480361932,crisis
2023-11-02,0.10241873340695377,crisis
2023-11-03,0.09903948099302222,crisis
2023-11-06,0.09627955490570071,crisis
2023-11-07,0.09321145570001041,crisis
2023-11-08,0.09003454695889035,crisis
2023-11-09,0.08746895577201508,crisis
2023-11-10,0.08466536784398122,crisis
2023-11-13,0.08173123821511208,crisis
2023-11-14,0.08134074597799204,crisis
2023-11-15,0.07868004742984273,crisis
2023-11-16,0.08060458973748155,crisis
2023-11-17,0.07803081669839472,crisis
2023-11-20,0.07556443574855684,crisis
2023-11-21,0.07301901838473136,crisis
2023-11-22,0.07036039181741466,crisis
2023-11-24,0.06771999711684629,crisis
2023-11-27,0.0653967638908237,crisis
2023-11-28,0.06340402380491533,crisis
2023-11-29,0.07508897386469991,crisis
2023-11-30,0.07598468458966315,crisis
2023-12-01,0.07444837038215632,crisis
2023-12-04,0.07464149074253912,crisis
2023-12-05,0.07217457723711171,crisis
2023-12-06,0.07030179719250981,crisis
2023-12-07,0.06816129055417586,crisis
2023-12-08,0.06622911456163502,crisis
2023-12-11,0.06440330940706737,crisis
2023-12-12,0.06269069523779543,crisis
2023-12-13,0.0628105871653541,crisis
2023-12-14,0.06243014111515855,crisis
2023-12-15,0.06144796310601347,crisis
2023-12-18,0.06083514004424305,crisis
2023-12-19,0.05972532915218362,crisis
2023-12-20,0.06592498153513424,crisis
2023-12-21,0.06510782540366214,crisis
2023-12-22,0.0642404673525149,crisis
2023-12-26,0.06281580324953452,crisis
2023-12-27,0.06150501016084859,crisis
2023-12-28,0.061897897855024954,crisis
2023-12-29,0.0603697941322574,crisis
2024-01-02,0.061039175053298915,crisis
2024-01-03,0.06040221388090076,crisis
2024-01-04,0.05913013018495288,crisis
2024-01-05,0.05773451400249119,crisis
2024-01-08,0.05757656980218961,crisis
2024-01-09,0.0562524238898865,crisis
2024-01-10,0.054624131020663796,crisis
2024-01-11,0.05315423314126687,crisis
2024-01-12,0.05171784439416949,mid
2024-01-16,0.050958410209658855,mid
2024-01-17,0.049920161479990684,mid
2024-01-18,0.04868723971621292,mid
2024-01-19,0.04779620859266931,mid
2024-01-22,0.04823135050697196,mid
2024-01-23,0.04717711894697964,mid
2024-01-24,0.04612131864398583,mid
2024-01-25,0.04585662418695228,mid
2024-01-26,0.046697218613688786,mid
2024-01-29,0.04734825291811478,mid
2024-01-30,0.04844918204316045,mid
2024-01-31,0.0482267099427126,mid
2024-02-01,0.047752156856475235,mid
2024-02-02,0.04755261347559176,mid
2024-02-05,0.04706824985803144,mid
2024-02-06,0.04678378876571646,mid
2024-02-07,0.04625596172361579,mid
2024-02-08,0.04897521392645419,mid
2024-02-09,0.04904951121882907,mid
2024-02-12,0.048942973897531376,mid
2024-02-13,0.0522960019730503,crisis
2024-02-14,0.05827633072197954,crisis
2024-02-15,0.05809293035823231,crisis
2024-02-16,0.05667112580827066,crisis
2024-02-20,0.056085257483537404,crisis
2024-02-21,0.055339001310319345,crisis
2024-02-22,0.05473468051104696,crisis
2024-02-23,0.05497056410807175,crisis
2024-02-26,0.05425154074813146,crisis
2024-02-27,0.055761796005264444,crisis
2024-02-28,0.057690486680823945,crisis
2024-02-29,0.05745413130324535,crisis
2024-03-01,0.05672043419735828,crisis
2024-03-04,0.05606554936080028,crisis
2024-03-05,0.056078886744740694,crisis
2024-03-06,0.05548741324593464,crisis
2024-03-07,0.05438349201451007,crisis
2024-03-08,0.053775435159775536,crisis
2024-03-11,0.05408431846479068,crisis
2024-03-12,0.053758159513748065,crisis
2024-03-13,0.05314997596753017,crisis
2024-03-14,0.052191978004706596,mid
2024-03-15,0.05202580355076445,mid
2024-03-18,0.05136978943062825,mid
2024-03-19,0.050321879292794525,mid
2024-03-20,0.049859240408356716,mid
2024-03-21,0.04919946756544694,mid
2024-03-22,0.04873529751227793,mid
2024-03-25,0.04851439090287278,mid
2024-03-26,0.047573911926453875,mid
2024-03-27,0.05623411078217158,crisis
2024-03-28,0.05818350066125706,crisis
2024-04-01,0.057642067175841506,crisis
2024-04-02,0.057024782399830456,crisis
2024-04-03,0.05581098986323676,crisis
2024-04-04,0.05642147587983719,crisis
2024-04-05,0.056018890764712365,crisis
2024-04-08,0.055174320141061516,crisis
2024-04-09,0.05403722371193604,crisis
2024-04-10,0.053180054057167844,crisis
2024-04-11,0.05293999320730084,crisis
2024-04-12,0.05178338776284178,mid
2024-04-15,0.0515029265042237,mid
2024-04-16,0.05209662835323718,mid
2024-04-17,0.0515374698995158,mid
2024-04-18,0.0504751859907025,mid
2024-04-19,0.049321927433543356,mid
2024-04-22,0.04932077333939343,mid
2024-04-23,0.04844165483233572,mid
2024-04-24,0.047810891522508885,mid
2024-04-25,0.047063399928445465,mid
2024-04-26,0.04645378517012365,mid
2024-04-29,0.04590726743707368,mid
2024-04-30,0.045683581202523076,mid
2024-05-01,0.04658179289282851,mid
2024-05-02,0.04672469190446128,mid
2024-05-03,0.048202216688474304,mid
2024-05-06,0.047611669304335864,mid
2024-05-07,0.04687183713734292,mid
2024-05-08,0.04689996564078096,mid
2024-05-09,0.04719956477096838,mid
2024-05-10,0.0476489471848381,mid
2024-05-13,0.0474116054441063,mid
2024-05-14,0.0521151937694109,mid
2024-05-15,0.05178506243697015,mid
2024-05-16,0.05127393614940431,mid
2024-05-17,0.05028950695712256,mid
2024-05-20,0.05004332161907399,mid
2024-05-21,0.05402799273334974,crisis
2024-05-22,0.052883482061544175,crisis
2024-05-23,0.052694570375270686,crisis
2024-05-24,0.051521962187401876,mid
2024-05-28,0.0513035004502517,mid
2024-05-29,0.050439224751661155,mid
2024-05-30,0.05112113479717673,mid
2024-05-31,0.05205214714102647,mid
2024-06-03,0.05350462715342935,crisis
2024-06-04,0.05206289493554782,mid
2024-06-05,0.06172678073791994,crisis
2024-06-06,0.0601124938412216,crisis
2024-06-07,0.05838269033830375,crisis
2024-06-10,0.05684793693279109,crisis
2024-06-11,0.0552227533212616,crisis
2024-06-12,0.054317517169069594,crisis
2024-06-13,0.053241406036229164,crisis
2024-06-14,0.054926560109737524,crisis
2024-06-17,0.05401615640880598,crisis
2024-06-18,0.053494571290420685,crisis
2024-06-20,0.05295986807900764,crisis
2024-06-21,0.052151437911861435,mid
2024-06-24,0.05122648590061749,mid
2024-06-25,0.05244315453404688,crisis
2024-06-26,0.051841775837669996,mid
2024-06-27,0.051191127724747064,mid
2024-06-28,0.0505100349068028,mid
2024-07-01,0.04948312249415181,mid
2024-07-02,0.04849519079029407,mid
2024-07-03,0.04767449515529831,mid
2024-07-05,0.047021476810101624,mid
2024-07-08,0.046932719900535734,mid
2024-07-09,0.04836902287953615,mid
2024-07-10,0.048197371351918934,mid
2024-07-11,0.04893698914483181,mid
2024-07-12,0.048137846679285105,mid
2024-07-15,0.04816489300959662,mid
2024-07-16,0.04877672669963045,mid
2024-07-17,0.04865248554864466,mid
2024-07-18,0.04832040088387568,mid
2024-07-19,0.04871289288934552,mid
2024-07-22,0.058279416108331074,crisis
2024-07-23,0.05794344470755382,crisis
2024-07-24,0.058395551557245975,crisis
2024-07-25,0.057506216531343905,crisis
2024-07-26,0.05659826600921754,crisis
2024-07-29,0.05540190985134991,crisis
2024-07-30,0.05495987999686664,crisis
2024-07-31,0.054130156994412516,crisis
2024-08-01,0.053888704303189504,crisis
2024-08-02,0.053882289219905226,crisis
2024-08-05,0.05384545361383878,crisis
2024-08-06,0.05305164754090332,crisis
2024-08-07,0.053172910943748444,crisis
2024-08-08,0.05395969280319302,crisis
2024-08-09,0.05367928528222011,crisis
2024-08-12,0.056317275203331144,crisis
2024-08-13,0.05580648268763506,crisis
2024-08-14,0.054804981814554815,crisis
2024-08-15,0.05470522717195504,crisis
2024-08-16,0.05532706189972817,crisis
2024-08-19,0.05589600073451045,crisis
2024-08-20,0.05513871466098855,crisis
2024-08-21,0.05471226302917522,crisis
2024-08-22,0.054550943240046834,crisis
2024-08-23,0.0539697957646414,crisis
2024-08-26,0.05240242113399647,crisis
2024-08-27,0.05094294105059362,mid
2024-08-28,0.050185397712295896,mid
2024-08-29,0.04970003868294263,mid
2024-08-30,0.04833513797517678,mid
2024-09-03,0.04880684384323784,mid
2024-09-04,0.048292249438217076,mid
2024-09-05,0.047965633406399304,mid
2024-09-06,0.04707549144237752,mid
2024-09-09,0.04701862617924309,mid
2024-09-10,0.046878176292889366,mid
2024-09-11,0.046244175227401166,mid
2024-09-12,0.046628159312468546,mid
2024-09-13,0.04693072627340348,mid
2024-09-16,0.04663999463028617,mid
2024-09-17,0.04634304245799888,mid
2024-09-18,0.046813122605949706,mid
2024-09-19,0.04715643663912814,mid
2024-09-20,0.0473775222442756,mid
2024-09-23,0.04755882919890021,mid
2024-09-24,0.04744060351128108,mid
2024-09-25,0.04668891679296692,mid
2024-09-26,0.04593162060039234,mid
2024-09-27,0.045022826256563675,mid
2024-09-30,0.04440056551612479,mid
2024-10-01,0.04424776965223555,mid
2024-10-02,0.043551654414410966,mid
2024-10-03,0.04290160065382868,mid
2024-10-04,0.04385733462416477,mid
2024-10-07,0.048169244662987463,mid
2024-10-08,0.04769827397623355,mid
2024-10-09,0.04742743044490221,mid
2024-10-10,0.04622479164418119,mid
2024-10-11,0.045809213790538046,mid
2024-10-14,0.046171982388573805,mid
2024-10-15,0.04536249631625084,mid
2024-10-16,0.04841984012803589,mid
2024-10-17,0.05502270851807651,crisis
2024-10-18,0.05499862994802265,crisis
2024-10-21,0.05588302628070311,crisis
2024-10-22,0.05489001448562369,crisis
2024-10-23,0.0540153684479451,crisis
2024-10-24,0.061277285116211895,crisis
2024-10-25,0.06013691626051816,crisis
2024-10-28,0.05957233094501744,crisis
2024-10-29,0.05817040814260601,crisis
2024-10-30,0.056987407482591526,crisis
2024-10-31,0.056137867404508435,crisis
2024-11-01,0.05490545116789523,crisis
2024-11-04,0.05425798032123822,crisis
2024-11-05,0.0546818023517884,crisis
2024-11-06,0.05686957200564897,crisis
2024-11-07,0.05673516952252475,crisis
2024-11-08,0.05678590454727087,crisis
2024-11-11,0.05646018942321727,crisis
2024-11-12,0.056411236229315674,crisis
2024-11-13,0.05641648766888536,crisis
2024-11-14,0.056318119540323466,crisis
2024-11-15,0.0566652489814889,crisis
2024-11-18,0.0587279480658157,crisis
2024-11-19,0.05762413704035802,crisis
2024-11-20,0.05725044568429867,crisis
2024-11-21,0.05705768721975632,crisis
2024-11-22,0.057077225050287186,crisis
2024-11-25,0.058566188004952356,crisis
2024-11-26,0.05892410069411476,crisis
2024-11-27,0.05778174160364278,crisis
2024-11-29,0.056534027159119114,crisis
2024-12-02,0.05829866065551072,crisis
2024-12-03,0.05917743561096159,crisis
2024-12-04,0.05985192825402067,crisis
2024-12-05,0.059024091033971,crisis
2024-12-06,0.05835840120903329,crisis
2024-12-09,0.05800829734537806,crisis
2024-12-10,0.05815153669328862,crisis
2024-12-11,0.05722346557727118,crisis
2024-12-12,0.056125576736205295,crisis
2024-12-13,0.054751318092540885,crisis
2024-12-16,0.05553338901341606,crisis
2024-12-17,0.06700359356392555,crisis
2024-12-18,0.06911393080170562,crisis
2024-12-19,0.06784657234969234,crisis
2024-12-20,0.06765641122320872,crisis
2024-12-23,0.08138509839349427,crisis
2024-12-24,0.07973557245868039,crisis
2024-12-26,0.0789123885387944,crisis
2024-12-27,0.0788726389135348,crisis
2024-12-30,0.08637306112784109,crisis
2024-12-31,0.08351810520379528,crisis
