window_id,window_start,regime,detections,detection_rate,acceptance_rate,edge_margin_mean,stability_margin_mean,stability_eta,isolation_share,alignment_cos_mean,alignment_angle_mean,raw_detection_count,substitution_fraction,gating_mode,gating_initial,gating_accepted,gating_rejected,gating_soft_cap,gating_delta_frac,reason_code,resolved_config_path,calm_threshold,crisis_threshold,vol_signal,group_design,group_count,group_replicates,prewhiten_r2_mean,prewhiten_r2_median,prewhiten_mode_requested,prewhiten_mode_effective,prewhiten_factor_count,prewhiten_beta_abs_mean,prewhiten_beta_abs_std,prewhiten_beta_abs_median,prewhiten_factors,residual_energy_mean,acceptance_delta,group_label_counts,group_observations,vol_state_label,cov_condition_baseline,cov_condition_overlay,cov_condition_penalized,mv_condition_cap,mv_condition_flag,mv_turnover,mv_turnover_cost_bps,baseline_errors,factor_present,changed_flag
0.0,2018-07-03T00:00:00,calm,0,0.0,0.0,0.0,0.0,0.0,0.0,,,0.0,0.0,strict,0.0,0.0,0.0,,,detection_error,reports/rc-20251107/vol-tyler/resolved_config.json,0.013107785995393301,0.014289663887061025,0.013007480354778653,vol,3,25,0.39238155230446575,0.37336681060663696,ff5mom,ff5mom,6,0.3091984306657131,0.5081310609215276,0.13587326711595848,"MKT,SMB,HML,RMW,CMA,MOM",0.0,0.0,calm:25|mid:25|crisis:25,75,calm,11.131398983879162,11.131398983879162,5.0536476355880575,1000000.0,False,0.0,0.0,factor:Not enough valid observations to fit factor loadings for UIL.;poet:insufficient observations for POET,True,0
1.0,2018-07-05T00:00:00,calm,0,0.0,0.0,0.0,0.0,0.0,0.0,,,0.0,0.0,strict,0.0,0.0,0.0,,,detection_error,reports/rc-20251107/vol-tyler/resolved_config.json,0.01310059929474739,0.014287668871978748,0.01268229828946905,vol,3,25,0.39238155230446575,0.37336681060663696,ff5mom,ff5mom,6,0.3091984306657131,0.5081310609215276,0.13587326711595848,"MKT,SMB,HML,RMW,CMA,MOM",0.0,0.0,calm:25|mid:25|crisis:25,75,calm,11.108207537236689,11.108207537236689,5.018769182498104,1000000.0,False,0.025458969797184587,0.12729484898592294,factor:Not enough valid observations to fit factor loadings for UIL.;poet:insufficient observations for POET,True,0
2.0,2018-07-06T00:00:00,calm,0,0.0,0.0,0.0,0.0,0.0,0.0,,,0.0,0.0,strict,0.0,0.0,0.0,,,detection_error,reports/rc-20251107/vol-tyler/resolved_config.json,0.013094195326344161,0.01428567385689647,0.012427056973255676,vol,3,25,0.39238155230446575,0.37336681060663696,ff5mom,ff5mom,6,0.3091984306657131,0.5081310609215276,0.13587326711595848,"MKT,SMB,HML,RMW,CMA,MOM",0.0,0.0,calm:25|mid:25|crisis:25,75,calm,11.376779820536123,11.376779820536123,5.07113513163255,1000000.0,False,0.02283013429602186,0.11415067148010931,factor:Not enough valid observations to fit factor loadings for UIL.;poet:insufficient observations for POET,True,0
3.0,2018-07-09T00:00:00,calm,0,0.0,0.0,0.0,0.0,0.0,0.0,,,0.0,0.0,strict,0.0,0.0,0.0,,,detection_error,reports/rc-20251107/vol-tyler/resolved_config.json,0.013088434650563474,0.014283678841814192,0.012348056855976655,vol,3,25,0.39238155230446575,0.37336681060663696,ff5mom,ff5mom,6,0.3091984306657131,0.5081310609215276,0.13587326711595848,"MKT,SMB,HML,RMW,CMA,MOM",0.0,0.0,calm:25|mid:25|crisis:25,75,calm,11.627250035682602,11.627250035682602,5.1569750512077,1000000.0,False,0.013474684814134228,0.06737342407067114,factor:Not enough valid observations to fit factor loadings for UIL.;poet:insufficient observations for POET,True,0
4.0,2018-07-10T00:00:00,calm,0,0.0,0.0,0.0,0.0,0.0,0.0,,,0.0,0.0,strict,0.0,0.0,0.0,,,detection_error,reports/rc-20251107/vol-tyler/resolved_config.json,0.013080855991796165,0.014281683826731914,0.01233255029407615,vol,3,25,0.39238155230446575,0.37336681060663696,ff5mom,ff5mom,6,0.3091984306657131,0.5081310609215276,0.13587326711595848,"MKT,SMB,HML,RMW,CMA,MOM",0.0,0.0,calm:25|mid:25|crisis:25,75,calm,11.749423887140253,11.749423887140253,5.209981961135062,1000000.0,False,0.012481552341313198,0.06240776170656599,factor:Not enough valid observations to fit factor loadings for UIL.;poet:insufficient observations for POET,True,0
5.0,2018-07-11T00:00:00,calm,0,0.0,0.0,0.0,0.0,0.0,0.0,,,0.0,0.0,strict,0.0,0.0,0.0,,,detection_error,reports/rc-20251107/vol-tyler/resolved_config.json,0.013066676238444038,0.014279688811649637,0.012486233947278259,vol,3,26,0.39238155230446575,0.37336681060663696,ff5mom,ff5mom,6,0.3091984306657131,0.5081310609215276,0.13587326711595848,"MKT,SMB,HML,RMW,CMA,MOM",0.0,0.0,calm:26|mid:26|crisis:26,78,calm,11.661036999128516,11.661036999128516,5.1322684340697915,1000000.0,False,0.028745537611735074,0.14372768805867536,factor:Not enough valid observations to fit factor loadings for UIL.;poet:insufficient observations for POET,True,0
7.0,2018-07-13T00:00:00,calm,0,0.0,0.0,0.0,0.0,0.0,0.0,,,0.0,0.0,strict,0.0,0.0,0.0,,,detection_error,reports/rc-20251107/vol-tyler/resolved_config.json,0.013063850260277789,0.014185098536388979,0.01269710916663613,vol,3,24,0.39238155230446575,0.37336681060663696,ff5mom,ff5mom,6,0.3091984306657131,0.5081310609215276,0.13587326711595848,"MKT,SMB,HML,RMW,CMA,MOM",0.0,0.0,calm:24|mid:24|crisis:24,72,calm,11.530036424183457,11.530036424183457,5.155524660958042,1000000.0,False,0.01382636936340433,0.06913184681702166,factor:Not enough valid observations to fit factor loadings for UIL.;poet:insufficient observations for POET,True,0
8.0,2018-07-16T00:00:00,calm,0,0.0,0.0,0.0,0.0,0.0,0.0,,,0.0,0.0,strict,0.0,0.0,0.0,,,detection_error,reports/rc-20251107/vol-tyler/resolved_config.json,0.01305954124853606,0.014137803398758647,0.012406257081096573,vol,3,23,0.39238155230446575,0.37336681060663696,ff5mom,ff5mom,6,0.3091984306657131,0.5081310609215276,0.13587326711595848,"MKT,SMB,HML,RMW,CMA,MOM",0.0,0.0,calm:23|mid:23|crisis:23,69,calm,11.676067418169097,11.676067418169097,5.223552582432813,1000000.0,False,0.03413672707029304,0.1706836353514652,factor:Not enough valid observations to fit factor loadings for UIL.;poet:insufficient observations for POET,True,0
9.0,2018-07-17T00:00:00,calm,0,0.0,0.0,0.0,0.0,0.0,0.0,,,0.0,0.0,strict,0.0,0.0,0.0,,,detection_error,reports/rc-20251107/vol-tyler/resolved_config.json,0.013054874201059453,0.014090508261128317,0.012393327207365627,vol,3,22,0.39238155230446575,0.37336681060663696,ff5mom,ff5mom,6,0.3091984306657131,0.5081310609215276,0.13587326711595848,"MKT,SMB,HML,RMW,CMA,MOM",0.0,0.0,calm:22|mid:22|crisis:22,66,calm,11.43556138415489,11.43556138415489,5.204879519067055,1000000.0,False,0.013022593651799082,0.06511296825899542,factor:Not enough valid observations to fit factor loadings for UIL.;poet:insufficient observations for POET,True,0
,,calm,0,0.0,,0.0,0.0,,0.0,0.0,0.0,0.0,0.0,strict,0.0,0.0,0.0,,0.02,holdout_empty,reports/rc-20251107/vol-tyler/resolved_config.json,0.013050756168938396,0.014043213123497985,0.012414424224564426,vol,3,22,0.39238155230446575,0.37336681060663696,ff5mom,ff5mom,6,0.3091984306657131,0.5081310609215276,0.13587326711595848,"MKT,SMB,HML,RMW,CMA,MOM",0.0,0.0,calm:22|mid:22|crisis:22,66,calm,,,,,,,,,True,0
,,calm,0,0.0,,0.0,0.0,,0.0,0.0,0.0,0.0,0.0,strict,0.0,0.0,0.0,,0.02,holdout_empty,reports/rc-20251107/vol-tyler/resolved_config.json,0.01303415242041289,0.01404212572952447,0.012141042171600844,vol,3,21,0.39238155230446575,0.37336681060663696,ff5mom,ff5mom,6,0.3091984306657131,0.5081310609215276,0.13587326711595848,"MKT,SMB,HML,RMW,CMA,MOM",0.0,0.0,calm:21|mid:21|crisis:21,63,calm,,,,,,,,,True,0
,,calm,0,0.0,,0.0,0.0,,0.0,0.0,0.0,0.0,0.0,strict,0.0,0.0,0.0,,0.02,holdout_empty,reports/rc-20251107/vol-tyler/resolved_config.json,0.013020329040141375,0.014041038335550954,0.012772582832024962,vol,3,20,0.39238155230446575,0.37336681060663696,ff5mom,ff5mom,6,0.3091984306657131,0.5081310609215276,0.13587326711595848,"MKT,SMB,HML,RMW,CMA,MOM",0.0,0.0,calm:20|mid:20|crisis:20,60,calm,,,,,,,,,True,0
,,calm,0,0.0,,0.0,0.0,,0.0,0.0,0.0,0.0,0.0,strict,0.0,0.0,0.0,,0.02,holdout_empty,reports/rc-20251107/vol-tyler/resolved_config.json,0.01301132058874023,0.014039950941577437,0.012813326391934611,vol,3,19,0.39238155230446575,0.37336681060663696,ff5mom,ff5mom,6,0.3091984306657131,0.5081310609215276,0.13587326711595848,"MKT,SMB,HML,RMW,CMA,MOM",0.0,0.0,calm:19|mid:19|crisis:19,57,calm,,,,,,,,,True,0
,,calm,0,0.0,,0.0,0.0,,0.0,0.0,0.0,0.0,0.0,strict,0.0,0.0,0.0,,0.02,holdout_empty,reports/rc-20251107/vol-tyler/resolved_config.json,0.013006521029126824,0.014038863547603921,0.012720454697659781,vol,3,19,0.39238155230446575,0.37336681060663696,ff5mom,ff5mom,6,0.3091984306657131,0.5081310609215276,0.13587326711595848,"MKT,SMB,HML,RMW,CMA,MOM",0.0,0.0,calm:19|mid:19|crisis:19,57,calm,,,,,,,,,True,0
35.0,2018-08-22T00:00:00,calm,0,0.0,0.0,0.0,0.0,0.0,0.0,,,0.0,0.0,strict,0.0,0.0,0.0,,,detection_error,reports/rc-20251107/vol-tyler/resolved_config.json,0.013044088975381639,0.014219322071643694,0.012896459752455527,vol,3,16,0.39238155230446575,0.37336681060663696,ff5mom,ff5mom,6,0.3091984306657131,0.5081310609215276,0.13587326711595848,"MKT,SMB,HML,RMW,CMA,MOM",0.0,0.0,calm:16|mid:16|crisis:16,48,calm,8.399557127424977,8.399557127424977,4.352203387164237,1000000.0,False,0.01715295246566848,0.08576476232834239,factor:Not enough valid observations to fit factor loadings for UIL.;poet:insufficient observations for POET,True,0
36.0,2018-08-23T00:00:00,calm,0,0.0,0.0,0.0,0.0,0.0,0.0,,,0.0,0.0,strict,0.0,0.0,0.0,,,detection_error,reports/rc-20251107/vol-tyler/resolved_config.json,0.01303281898170154,0.014201372338554915,0.01267163007765293,vol,3,15,0.39238155230446575,0.37336681060663696,ff5mom,ff5mom,6,0.3091984306657131,0.5081310609215276,0.13587326711595848,"MKT,SMB,HML,RMW,CMA,MOM",0.0,0.0,calm:15|mid:15|crisis:15,45,calm,8.364123986661125,8.364123986661125,4.3550314207883964,1000000.0,False,0.02818550703208273,0.14092753516041365,factor:Not enough valid observations to fit factor loadings for UIL.;poet:insufficient observations for POET,True,0
,,calm,0,0.0,,0.0,0.0,,0.0,0.0,0.0,0.0,0.0,strict,0.0,0.0,0.0,,0.02,balance_failure,reports/rc-20251107/vol-tyler/resolved_config.json,0.013020329040141375,0.014183422605466135,0.012301994570727077,vol,3,14,0.39238155230446575,0.37336681060663696,ff5mom,ff5mom,6,0.3091984306657131,0.5081310609215276,0.13587326711595848,"MKT,SMB,HML,RMW,CMA,MOM",0.0,0.0,calm:14|mid:14|crisis:14,42,calm,,,,,,,,,True,0
,,calm,0,0.0,,0.0,0.0,,0.0,0.0,0.0,0.0,0.0,strict,0.0,0.0,0.0,,0.02,balance_failure,reports/rc-20251107/vol-tyler/resolved_config.json,0.01301132058874023,0.014165472872377355,0.012032294142798026,vol,3,13,0.39238155230446575,0.37336681060663696,ff5mom,ff5mom,6,0.3091984306657131,0.5081310609215276,0.13587326711595848,"MKT,SMB,HML,RMW,CMA,MOM",0.0,0.0,calm:13|mid:13|crisis:13,39,calm,,,,,,,,,True,0
,,calm,0,0.0,,0.0,0.0,,0.0,0.0,0.0,0.0,0.0,strict,0.0,0.0,0.0,,0.02,balance_failure,reports/rc-20251107/vol-tyler/resolved_config.json,0.013006521029126824,0.014147523139288576,0.0118910482603946,vol,3,12,0.39238155230446575,0.37336681060663696,ff5mom,ff5mom,6,0.3091984306657131,0.5081310609215276,0.13587326711595848,"MKT,SMB,HML,RMW,CMA,MOM",0.0,0.0,calm:12|mid:12|crisis:12,36,calm,,,,,,,,,True,0
,,calm,0,0.0,,0.0,0.0,,0.0,0.0,0.0,0.0,0.0,strict,0.0,0.0,0.0,,0.02,balance_failure,reports/rc-20251107/vol-tyler/resolved_config.json,0.013002683726519509,0.014129573406199795,0.011963670401294734,vol,3,12,0.39238155230446575,0.37336681060663696,ff5mom,ff5mom,6,0.3091984306657131,0.5081310609215276,0.13587326711595848,"MKT,SMB,HML,RMW,CMA,MOM",0.0,0.0,calm:12|mid:12|crisis:12,36,calm,,,,,,,,,True,0
,,calm,0,0.0,,0.0,0.0,,0.0,0.0,0.0,0.0,0.0,strict,0.0,0.0,0.0,,0.02,balance_failure,reports/rc-20251107/vol-tyler/resolved_config.json,0.01299228086304996,0.014114906994921917,0.012194627515241623,vol,3,11,0.39238155230446575,0.37336681060663696,ff5mom,ff5mom,6,0.3091984306657131,0.5081310609215276,0.13587326711595848,"MKT,SMB,HML,RMW,CMA,MOM",0.0,0.0,calm:11|mid:11|crisis:11,33,calm,,,,,,,,,True,0
,,calm,0,0.0,,0.0,0.0,,0.0,0.0,0.0,0.0,0.0,strict,0.0,0.0,0.0,,0.02,balance_failure,reports/rc-20251107/vol-tyler/resolved_config.json,0.012947424137380375,0.014100240583644038,0.012195370790493721,vol,3,10,0.39238155230446575,0.37336681060663696,ff5mom,ff5mom,6,0.3091984306657131,0.5081310609215276,0.13587326711595848,"MKT,SMB,HML,RMW,CMA,MOM",0.0,0.0,calm:10|mid:10|crisis:10,30,calm,,,,,,,,,True,0
,,calm,0,0.0,,0.0,0.0,,0.0,,,,,,,,,,,balance_failure,reports/rc-20251107/vol-tyler/resolved_config.json,0.012910135979489557,0.014085574172366158,0.012033012443538922,vol,0,0,0.39238155230446575,0.37336681060663696,ff5mom,ff5mom,6,0.3091984306657131,0.5081310609215276,0.13587326711595848,"MKT,SMB,HML,RMW,CMA,MOM",0.0,0.0,,0,calm,,,,,,,,,True,0
,,calm,0,0.0,,0.0,0.0,,0.0,,,,,,,,,,,balance_failure,reports/rc-20251107/vol-tyler/resolved_config.json,0.012895554129268827,0.01407090776108828,0.012337789863956058,vol,0,0,0.39238155230446575,0.37336681060663696,ff5mom,ff5mom,6,0.3091984306657131,0.5081310609215276,0.13587326711595848,"MKT,SMB,HML,RMW,CMA,MOM",0.0,0.0,,0,calm,,,,,,,,,True,0
,,calm,0,0.0,,0.0,0.0,,0.0,,,,,,,,,,,balance_failure,reports/rc-20251107/vol-tyler/resolved_config.json,0.012891931636522023,0.0140562413498104,0.01244763166647948,vol,0,0,0.39238155230446575,0.37336681060663696,ff5mom,ff5mom,6,0.3091984306657131,0.5081310609215276,0.13587326711595848,"MKT,SMB,HML,RMW,CMA,MOM",0.0,0.0,,0,calm,,,,,,,,,True,0
,,calm,0,0.0,,0.0,0.0,,0.0,,,,,,,,,,,balance_failure,reports/rc-20251107/vol-tyler/resolved_config.json,0.01284431839925203,0.014053635704547917,0.012627053831457728,vol,0,0,0.39238155230446575,0.37336681060663696,ff5mom,ff5mom,6,0.3091984306657131,0.5081310609215276,0.13587326711595848,"MKT,SMB,HML,RMW,CMA,MOM",0.0,0.0,,0,calm,,,,,,,,,True,0
,,calm,0,0.0,,0.0,0.0,,0.0,,,,,,,,,,,balance_failure,reports/rc-20251107/vol-tyler/resolved_config.json,0.012829261190178628,0.014051030059285433,0.012458437408714508,vol,0,0,0.39238155230446575,0.37336681060663696,ff5mom,ff5mom,6,0.3091984306657131,0.5081310609215276,0.13587326711595848,"MKT,SMB,HML,RMW,CMA,MOM",0.0,0.0,,0,calm,,,,,,,,,True,0
,,calm,0,0.0,,0.0,0.0,,0.0,,,,,,,,,,,balance_failure,reports/rc-20251107/vol-tyler/resolved_config.json,0.01282162571097866,0.014048424414022952,0.01267785139669111,vol,0,0,0.39238155230446575,0.37336681060663696,ff5mom,ff5mom,6,0.3091984306657131,0.5081310609215276,0.13587326711595848,"MKT,SMB,HML,RMW,CMA,MOM",0.0,0.0,,0,calm,,,,,,,,,True,0
,,calm,0,0.0,,0.0,0.0,,0.0,,,,,,,,,,,balance_failure,reports/rc-20251107/vol-tyler/resolved_config.json,0.012811600049938513,0.014045818768760468,0.01261764432340337,vol,0,0,0.39238155230446575,0.37336681060663696,ff5mom,ff5mom,6,0.3091984306657131,0.5081310609215276,0.13587326711595848,"MKT,SMB,HML,RMW,CMA,MOM",0.0,0.0,,0,calm,,,,,,,,,True,0
,,calm,0,0.0,,0.0,0.0,,0.0,,,,,,,,,,,balance_failure,reports/rc-20251107/vol-tyler/resolved_config.json,0.012804694681954115,0.014043213123497985,0.012373236041825142,vol,0,0,0.39238155230446575,0.37336681060663696,ff5mom,ff5mom,6,0.3091984306657131,0.5081310609215276,0.13587326711595848,"MKT,SMB,HML,RMW,CMA,MOM",0.0,0.0,,0,calm,,,,,,,,,True,0
,,calm,0,0.0,,0.0,0.0,,0.0,,,,,,,,,,,balance_failure,reports/rc-20251107/vol-tyler/resolved_config.json,0.012788627925606743,0.014042426667490152,0.012360818498242788,vol,0,0,0.39238155230446575,0.37336681060663696,ff5mom,ff5mom,6,0.3091984306657131,0.5081310609215276,0.13587326711595848,"MKT,SMB,HML,RMW,CMA,MOM",0.0,0.0,,0,calm,,,,,,,,,True,0
,,calm,0,0.0,,0.0,0.0,,0.0,,,,,,,,,,,balance_failure,reports/rc-20251107/vol-tyler/resolved_config.json,0.012777394193822936,0.014041640211482319,0.012200458253192853,vol,0,0,0.39238155230446575,0.37336681060663696,ff5mom,ff5mom,6,0.3091984306657131,0.5081310609215276,0.13587326711595848,"MKT,SMB,HML,RMW,CMA,MOM",0.0,0.0,,0,calm,,,,,,,,,True,0
,,calm,0,0.0,,0.0,0.0,,0.0,,,,,,,,,,,balance_failure,reports/rc-20251107/vol-tyler/resolved_config.json,0.012764687698706903,0.014040853755474487,0.012588815250622002,vol,0,0,0.39238155230446575,0.37336681060663696,ff5mom,ff5mom,6,0.3091984306657131,0.5081310609215276,0.13587326711595848,"MKT,SMB,HML,RMW,CMA,MOM",0.0,0.0,,0,calm,,,,,,,,,True,0
,,calm,0,0.0,,0.0,0.0,,0.0,,,,,,,,,,,balance_failure,reports/rc-20251107/vol-tyler/resolved_config.json,0.01274636693851581,0.014040067299466654,0.01251780865768745,vol,0,0,0.39238155230446575,0.37336681060663696,ff5mom,ff5mom,6,0.3091984306657131,0.5081310609215276,0.13587326711595848,"MKT,SMB,HML,RMW,CMA,MOM",0.0,0.0,,0,calm,,,,,,,,,True,0
,,calm,0,0.0,,0.0,0.0,,0.0,,,,,,,,,,,balance_failure,reports/rc-20251107/vol-tyler/resolved_config.json,0.012720454697659781,0.014039280843458821,0.012548893996459453,vol,0,0,0.39238155230446575,0.37336681060663696,ff5mom,ff5mom,6,0.3091984306657131,0.5081310609215276,0.13587326711595848,"MKT,SMB,HML,RMW,CMA,MOM",0.0,0.0,,0,calm,,,,,,,,,True,0
,,calm,0,0.0,,0.0,0.0,,0.0,,,,,,,,,,,balance_failure,reports/rc-20251107/vol-tyler/resolved_config.json,0.012716942152570923,0.014038979905493139,0.01237870413791022,vol,0,0,0.39238155230446575,0.37336681060663696,ff5mom,ff5mom,6,0.3091984306657131,0.5081310609215276,0.13587326711595848,"MKT,SMB,HML,RMW,CMA,MOM",0.0,0.0,,0,calm,,,,,,,,,True,0
,,calm,0,0.0,,0.0,0.0,,0.0,,,,,,,,,,,balance_failure,reports/rc-20251107/vol-tyler/resolved_config.json,0.012714161976071933,0.014038678967527455,0.012581258710010004,vol,0,0,0.39238155230446575,0.37336681060663696,ff5mom,ff5mom,6,0.3091984306657131,0.5081310609215276,0.13587326711595848,"MKT,SMB,HML,RMW,CMA,MOM",0.0,0.0,,0,calm,,,,,,,,,True,0
,,calm,0,0.0,,0.0,0.0,,0.0,,,,,,,,,,,balance_failure,reports/rc-20251107/vol-tyler/resolved_config.json,0.012709736992730494,0.014038077091596088,0.012545516519015603,vol,0,0,0.39238155230446575,0.37336681060663696,ff5mom,ff5mom,6,0.3091984306657131,0.5081310609215276,0.13587326711595848,"MKT,SMB,HML,RMW,CMA,MOM",0.0,0.0,,0,calm,,,,,,,,,True,0
,,calm,0,0.0,,0.0,0.0,,0.0,,,,,,,,,,,balance_failure,reports/rc-20251107/vol-tyler/resolved_config.json,0.012698619794022337,0.014037327567458886,0.01258461128641196,vol,0,0,0.39238155230446575,0.37336681060663696,ff5mom,ff5mom,6,0.3091984306657131,0.5081310609215276,0.13587326711595848,"MKT,SMB,HML,RMW,CMA,MOM",0.0,0.0,,0,calm,,,,,,,,,True,0
164.0,2019-02-28T00:00:00,calm,0,0.0,0.0,0.0,0.0,0.0,0.0,,,0.0,0.0,strict,0.0,0.0,0.0,,,detection_error,reports/rc-20251107/vol-tyler/resolved_config.json,0.013006521029126824,0.014865521988522656,0.012847234949028294,vol,3,26,0.39238155230446575,0.37336681060663696,ff5mom,ff5mom,6,0.3091984306657131,0.5081310609215276,0.13587326711595848,"MKT,SMB,HML,RMW,CMA,MOM",0.0,0.0,calm:26|mid:26|crisis:26,78,calm,15.72869786774057,15.72869786774057,7.127819982916906,1000000.0,False,0.0245651411095046,0.12282570554752299,factor:Not enough valid observations to fit factor loadings for UIL.;poet:insufficient observations for POET,True,0
171.0,2019-03-11T00:00:00,calm,0,0.0,0.0,0.0,0.0,0.0,0.0,,,0.0,0.0,strict,0.0,0.0,0.0,,,detection_error,reports/rc-20251107/vol-tyler/resolved_config.json,0.013008760432765845,0.014857650391874623,0.012884934568024767,vol,3,20,0.39238155230446575,0.37336681060663696,ff5mom,ff5mom,6,0.3091984306657131,0.5081310609215276,0.13587326711595848,"MKT,SMB,HML,RMW,CMA,MOM",0.0,0.0,calm:20|mid:20|crisis:20,60,calm,15.063560961011639,15.063560961011639,7.500948493329934,1000000.0,False,0.007144443164662112,0.03572221582331056,factor:Not enough valid observations to fit factor loadings for UHN.;poet:insufficient observations for POET,True,0
172.0,2019-03-12T00:00:00,calm,0,0.0,0.0,0.0,0.0,0.0,0.0,,,0.0,0.0,strict,0.0,0.0,0.0,,,detection_error,reports/rc-20251107/vol-tyler/resolved_config.json,0.013004602377823166,0.014856504918610108,0.01270490822251313,vol,3,20,0.39238155230446575,0.37336681060663696,ff5mom,ff5mom,6,0.3091984306657131,0.5081310609215276,0.13587326711595848,"MKT,SMB,HML,RMW,CMA,MOM",0.0,0.0,calm:20|mid:20|crisis:20,60,calm,15.301098135945507,15.301098135945507,7.560748567841145,1000000.0,False,0.010427602356483278,0.052138011782416394,factor:Not enough valid observations to fit factor loadings for UHN.;poet:insufficient observations for POET,True,0
178.0,2019-03-20T00:00:00,calm,0,0.0,0.0,0.0,0.0,0.0,0.0,,,0.0,0.0,strict,0.0,0.0,0.0,,,detection_error,reports/rc-20251107/vol-tyler/resolved_config.json,0.013005561703474996,0.014806984678477221,0.012910232239203769,vol,3,15,0.39238155230446575,0.37336681060663696,ff5mom,ff5mom,6,0.3091984306657131,0.5081310609215276,0.13587326711595848,"MKT,SMB,HML,RMW,CMA,MOM",0.0,0.0,calm:15|mid:15|crisis:15,45,calm,14.117444830262412,14.117444830262412,7.530060199530981,1000000.0,False,0.01157402105717992,0.0578701052858996,factor:Not enough valid observations to fit factor loadings for UHN.;poet:insufficient observations for POET,True,0
179.0,2019-03-21T00:00:00,calm,0,0.0,0.0,0.0,0.0,0.0,0.0,,,0.0,0.0,strict,0.0,0.0,0.0,,,detection_error,reports/rc-20251107/vol-tyler/resolved_config.json,0.013000083010652122,0.014791623405030773,0.012715426912402001,vol,3,15,0.39238155230446575,0.37336681060663696,ff5mom,ff5mom,6,0.3091984306657131,0.5081310609215276,0.13587326711595848,"MKT,SMB,HML,RMW,CMA,MOM",0.0,0.0,calm:15|mid:15|crisis:15,45,calm,14.300879047821422,14.300879047821422,7.5605738487170395,1000000.0,False,0.02375742168962853,0.11878710844814264,factor:Not enough valid observations to fit factor loadings for UHN.;poet:insufficient observations for POET,True,0
180.0,2019-03-22T00:00:00,calm,0,0.0,0.0,0.0,0.0,0.0,0.0,,,0.0,0.0,strict,0.0,0.0,0.0,,,detection_error,reports/rc-20251107/vol-tyler/resolved_config.json,0.012989680147182573,0.014776262131584323,0.012734167200712092,vol,3,15,0.39238155230446575,0.37336681060663696,ff5mom,ff5mom,6,0.3091984306657131,0.5081310609215276,0.13587326711595848,"MKT,SMB,HML,RMW,CMA,MOM",0.0,0.0,calm:15|mid:15|crisis:15,45,calm,14.38108837792224,14.38108837792224,7.58179933421969,1000000.0,False,0.004806312738814627,0.024031563694073135,factor:Not enough valid observations to fit factor loadings for UHN.;poet:insufficient observations for POET,True,0
181.0,2019-03-25T00:00:00,calm,0,0.0,0.0,0.0,0.0,0.0,0.0,,,0.0,0.0,strict,0.0,0.0,0.0,,,detection_error,reports/rc-20251107/vol-tyler/resolved_config.json,0.012933338800779643,0.014772658256282385,0.012931593893555214,vol,3,15,0.39238155230446575,0.37336681060663696,ff5mom,ff5mom,6,0.3091984306657131,0.5081310609215276,0.13587326711595848,"MKT,SMB,HML,RMW,CMA,MOM",0.0,0.0,calm:15|mid:15|crisis:15,45,calm,15.250842328007971,15.250842328007971,7.933892430619012,1000000.0,False,0.019583788568850607,0.09791894284425304,factor:Not enough valid observations to fit factor loadings for UHN.;poet:insufficient observations for POET,True,0
,,calm,0,0.0,,0.0,0.0,,0.0,0.0,0.0,0.0,0.0,strict,0.0,0.0,0.0,,0.02,balance_failure,reports/rc-20251107/vol-tyler/resolved_config.json,0.012924189635929431,0.014769054380980445,0.012829569558618201,vol,3,12,0.39238155230446575,0.37336681060663696,ff5mom,ff5mom,6,0.3091984306657131,0.5081310609215276,0.13587326711595848,"MKT,SMB,HML,RMW,CMA,MOM",0.0,0.0,calm:12|mid:12|crisis:12,36,calm,,,,,,,,,True,0
,,calm,0,0.0,,0.0,0.0,,0.0,0.0,0.0,0.0,0.0,strict,0.0,0.0,0.0,,0.02,balance_failure,reports/rc-20251107/vol-tyler/resolved_config.json,0.012915644974188853,0.014765450505678507,0.01262464841310305,vol,3,12,0.39238155230446575,0.37336681060663696,ff5mom,ff5mom,6,0.3091984306657131,0.5081310609215276,0.13587326711595848,"MKT,SMB,HML,RMW,CMA,MOM",0.0,0.0,calm:12|mid:12|crisis:12,36,calm,,,,,,,,,True,0
,,calm,0,0.0,,0.0,0.0,,0.0,0.0,0.0,0.0,0.0,strict,0.0,0.0,0.0,,0.02,balance_failure,reports/rc-20251107/vol-tyler/resolved_config.json,0.01290747774185412,0.014761846630376569,0.0128126277717738,vol,3,13,0.39238155230446575,0.37336681060663696,ff5mom,ff5mom,6,0.3091984306657131,0.5081310609215276,0.13587326711595848,"MKT,SMB,HML,RMW,CMA,MOM",0.0,0.0,calm:13|mid:13|crisis:13,39,calm,,,,,,,,,True,0
,,calm,0,0.0,,0.0,0.0,,0.0,0.0,0.0,0.0,0.0,strict,0.0,0.0,0.0,,0.02,balance_failure,reports/rc-20251107/vol-tyler/resolved_config.json,0.012896459752455527,0.014758242755074629,0.012668965892304202,vol,3,13,0.39238155230446575,0.37336681060663696,ff5mom,ff5mom,6,0.3091984306657131,0.5081310609215276,0.13587326711595848,"MKT,SMB,HML,RMW,CMA,MOM",0.0,0.0,calm:13|mid:13|crisis:13,39,calm,,,,,,,,,True,0
,,calm,0,0.0,,0.0,0.0,,0.0,0.0,0.0,0.0,0.0,strict,0.0,0.0,0.0,,0.02,balance_failure,reports/rc-20251107/vol-tyler/resolved_config.json,0.012892837259708724,0.014752231659720219,0.012305218316479084,vol,3,13,0.39238155230446575,0.37336681060663696,ff5mom,ff5mom,6,0.3091984306657131,0.5081310609215276,0.13587326711595848,"MKT,SMB,HML,RMW,CMA,MOM",0.0,0.0,calm:13|mid:13|crisis:13,39,calm,,,,,,,,,True,0
,,calm,0,0.0,,0.0,0.0,,0.0,0.0,0.0,0.0,0.0,strict,0.0,0.0,0.0,,0.02,balance_failure,reports/rc-20251107/vol-tyler/resolved_config.json,0.01288773339542367,0.014746220564365807,0.012378329513064135,vol,3,13,0.39238155230446575,0.37336681060663696,ff5mom,ff5mom,6,0.3091984306657131,0.5081310609215276,0.13587326711595848,"MKT,SMB,HML,RMW,CMA,MOM",0.0,0.0,calm:13|mid:13|crisis:13,39,calm,,,,,,,,,True,0
,,calm,0,0.0,,0.0,0.0,,0.0,0.0,0.0,0.0,0.0,strict,0.0,0.0,0.0,,0.02,balance_failure,reports/rc-20251107/vol-tyler/resolved_config.json,0.012869854720426177,0.014740209469011395,0.012401056294511211,vol,3,12,0.39238155230446575,0.37336681060663696,ff5mom,ff5mom,6,0.3091984306657131,0.5081310609215276,0.13587326711595848,"MKT,SMB,HML,RMW,CMA,MOM",0.0,0.0,calm:12|mid:12|crisis:12,36,calm,,,,,,,,,True,0
,,calm,0,0.0,,0.0,0.0,,0.0,0.0,0.0,0.0,0.0,strict,0.0,0.0,0.0,,0.02,balance_failure,reports/rc-20251107/vol-tyler/resolved_config.json,0.012844270977209542,0.014734198373656984,0.012313391080404416,vol,3,11,0.39238155230446575,0.37336681060663696,ff5mom,ff5mom,6,0.3091984306657131,0.5081310609215276,0.13587326711595848,"MKT,SMB,HML,RMW,CMA,MOM",0.0,0.0,calm:11|mid:11|crisis:11,33,calm,,,,,,,,,True,0
,,calm,0,0.0,,0.0,0.0,,0.0,0.0,0.0,0.0,0.0,strict,0.0,0.0,0.0,,0.02,balance_failure,reports/rc-20251107/vol-tyler/resolved_config.json,0.012832415089934532,0.014728187278302572,0.012201367764430865,vol,3,11,0.39238155230446575,0.37336681060663696,ff5mom,ff5mom,6,0.3091984306657131,0.5081310609215276,0.13587326711595848,"MKT,SMB,HML,RMW,CMA,MOM",0.0,0.0,calm:11|mid:11|crisis:11,33,calm,,,,,,,,,True,0
,,calm,0,0.0,,0.0,0.0,,0.0,0.0,0.0,0.0,0.0,strict,0.0,0.0,0.0,,0.02,balance_failure,reports/rc-20251107/vol-tyler/resolved_config.json,0.012830138664881467,0.01472471448942663,0.012013656660219325,vol,3,12,0.39238155230446575,0.37336681060663696,ff5mom,ff5mom,6,0.3091984306657131,0.5081310609215276,0.13587326711595848,"MKT,SMB,HML,RMW,CMA,MOM",0.0,0.0,calm:12|mid:12|crisis:12,36,calm,,,,,,,,,True,0
,,calm,0,0.0,,0.0,0.0,,0.0,0.0,0.0,0.0,0.0,strict,0.0,0.0,0.0,,0.02,balance_failure,reports/rc-20251107/vol-tyler/resolved_config.json,0.012828122977652096,0.014721241700550688,0.0121201799990767,vol,3,11,0.39238155230446575,0.37336681060663696,ff5mom,ff5mom,6,0.3091984306657131,0.5081310609215276,0.13587326711595848,"MKT,SMB,HML,RMW,CMA,MOM",0.0,0.0,calm:11|mid:11|crisis:11,33,calm,,,,,,,,,True,0
,,calm,0,0.0,,0.0,0.0,,0.0,0.0,0.0,0.0,0.0,strict,0.0,0.0,0.0,,0.02,balance_failure,reports/rc-20251107/vol-tyler/resolved_config.json,0.01282162571097866,0.014717768911674745,0.01180749078190872,vol,3,12,0.39238155230446575,0.37336681060663696,ff5mom,ff5mom,6,0.3091984306657131,0.5081310609215276,0.13587326711595848,"MKT,SMB,HML,RMW,CMA,MOM",0.0,0.0,calm:12|mid:12|crisis:12,36,calm,,,,,,,,,True,0
,,calm,0,0.0,,0.0,0.0,,0.0,0.0,0.0,0.0,0.0,strict,0.0,0.0,0.0,,0.02,balance_failure,reports/rc-20251107/vol-tyler/resolved_config.json,0.01281318666790245,0.014714296122798802,0.011581363050164403,vol,3,13,0.39238155230446575,0.37336681060663696,ff5mom,ff5mom,6,0.3091984306657131,0.5081310609215276,0.13587326711595848,"MKT,SMB,HML,RMW,CMA,MOM",0.0,0.0,calm:13|mid:13|crisis:13,39,calm,,,,,,,,,True,0
,,calm,0,0.0,,0.0,0.0,,0.0,0.0,0.0,0.0,0.0,strict,0.0,0.0,0.0,,0.02,balance_failure,reports/rc-20251107/vol-tyler/resolved_config.json,0.0128126277717738,0.01471082333392286,0.011900777971314797,vol,3,14,0.39238155230446575,0.37336681060663696,ff5mom,ff5mom,6,0.3091984306657131,0.5081310609215276,0.13587326711595848,"MKT,SMB,HML,RMW,CMA,MOM",0.0,0.0,calm:14|mid:14|crisis:14,42,calm,,,,,,,,,True,0
,,calm,0,0.0,,0.0,0.0,,0.0,0.0,0.0,0.0,0.0,strict,0.0,0.0,0.0,,0.02,balance_failure,reports/rc-20251107/vol-tyler/resolved_config.json,0.012806281299918051,0.014709474565183032,0.011939782459797925,vol,3,14,0.39238155230446575,0.37336681060663696,ff5mom,ff5mom,6,0.3091984306657131,0.5081310609215276,0.13587326711595848,"MKT,SMB,HML,RMW,CMA,MOM",0.0,0.0,calm:14|mid:14|crisis:14,42,calm,,,,,,,,,True,0
197.0,2019-04-16T00:00:00,calm,0,0.0,0.0,0.0,0.0,0.0,0.0,,,0.0,0.0,strict,0.0,0.0,0.0,,,detection_error,reports/rc-20251107/vol-tyler/resolved_config.json,0.012792644614693585,0.014708125796443206,0.011846558548230664,vol,3,15,0.39238155230446575,0.37336681060663696,ff5mom,ff5mom,6,0.3091984306657131,0.5081310609215276,0.13587326711595848,"MKT,SMB,HML,RMW,CMA,MOM",0.0,0.0,calm:15|mid:15|crisis:15,45,calm,15.126466280023173,15.126466280023173,7.454400885919952,1000000.0,False,0.12877056363990513,0.6438528181995257,factor:Not enough valid observations to fit factor loadings for UHN.;poet:insufficient observations for POET,True,0
198.0,2019-04-17T00:00:00,calm,0,0.0,0.0,0.0,0.0,0.0,0.0,,,0.0,0.0,strict,0.0,0.0,0.0,,,detection_error,reports/rc-20251107/vol-tyler/resolved_config.json,0.01278112864117955,0.01470677702770338,0.012028787066949815,vol,3,16,0.39238155230446575,0.37336681060663696,ff5mom,ff5mom,6,0.3091984306657131,0.5081310609215276,0.13587326711595848,"MKT,SMB,HML,RMW,CMA,MOM",0.0,0.0,calm:16|mid:16|crisis:16,48,calm,14.583873776016082,14.583873776016082,7.201933599051038,1000000.0,False,0.053247430516605444,0.2662371525830272,factor:Not enough valid observations to fit factor loadings for UHN.;poet:insufficient observations for POET,True,0
199.0,2019-04-18T00:00:00,calm,0,0.0,0.0,0.0,0.0,0.0,0.0,,,0.0,0.0,strict,0.0,0.0,0.0,,,detection_error,reports/rc-20251107/vol-tyler/resolved_config.json,0.012775240364940215,0.014705428258963553,0.012080760279384943,vol,3,17,0.39238155230446575,0.37336681060663696,ff5mom,ff5mom,6,0.3091984306657131,0.5081310609215276,0.13587326711595848,"MKT,SMB,HML,RMW,CMA,MOM",0.0,0.0,calm:17|mid:17|crisis:17,51,calm,13.605456583265921,13.605456583265921,6.77210547591957,1000000.0,False,0.03413743825176295,0.17068719125881476,factor:Not enough valid observations to fit factor loadings for UHN.;poet:insufficient observations for POET,True,0
200.0,2019-04-22T00:00:00,calm,0,0.0,0.0,0.0,0.0,0.0,0.0,,,0.0,0.0,strict,0.0,0.0,0.0,,,detection_error,reports/rc-20251107/vol-tyler/resolved_config.json,0.012772582832024962,0.014704079490223726,0.012422747503481471,vol,3,18,0.39238155230446575,0.37336681060663696,ff5mom,ff5mom,6,0.3091984306657131,0.5081310609215276,0.13587326711595848,"MKT,SMB,HML,RMW,CMA,MOM",0.0,0.0,calm:18|mid:18|crisis:18,54,calm,13.794971836014458,13.794971836014458,6.791814088528312,1000000.0,False,0.03509470389424954,0.1754735194712477,factor:Not enough valid observations to fit factor loadings for UHN.;poet:insufficient observations for POET,True,0
201.0,2019-04-23T00:00:00,calm,0,0.0,0.0,0.0,0.0,0.0,0.0,,,0.0,0.0,strict,0.0,0.0,0.0,,,detection_error,reports/rc-20251107/vol-tyler/resolved_config.json,0.012767646019310836,0.014701646212280355,0.012518631125954542,vol,3,19,0.39238155230446575,0.37336681060663696,ff5mom,ff5mom,6,0.3091984306657131,0.5081310609215276,0.13587326711595848,"MKT,SMB,HML,RMW,CMA,MOM",0.0,0.0,calm:19|mid:19|crisis:19,57,calm,13.11871949045216,13.11871949045216,6.536192999959949,1000000.0,False,0.04034741496071211,0.20173707480356057,factor:Not enough valid observations to fit factor loadings for UHN.;poet:insufficient observations for POET,True,0
202.0,2019-04-24T00:00:00,calm,0,0.0,0.0,0.0,0.0,0.0,0.0,,,0.0,0.0,strict,0.0,0.0,0.0,,,detection_error,reports/rc-20251107/vol-tyler/resolved_config.json,0.012758271725690813,0.014699212934336986,0.012350373969075772,vol,3,19,0.39238155230446575,0.37336681060663696,ff5mom,ff5mom,6,0.3091984306657131,0.5081310609215276,0.13587326711595848,"MKT,SMB,HML,RMW,CMA,MOM",0.0,0.0,calm:19|mid:19|crisis:19,57,calm,13.345726478957747,13.345726478957747,6.621618703641819,1000000.0,False,0.002377579495238571,0.011887897476192854,factor:Not enough valid observations to fit factor loadings for UHN.;poet:insufficient observations for POET,True,0
203.0,2019-04-25T00:00:00,calm,0,0.0,0.0,0.0,0.0,0.0,0.0,,,0.0,0.0,strict,0.0,0.0,0.0,,,detection_error,reports/rc-20251107/vol-tyler/resolved_config.json,0.012745373879522726,0.014696779656393615,0.012510936215842419,vol,3,20,0.39238155230446575,0.37336681060663696,ff5mom,ff5mom,6,0.3091984306657131,0.5081310609215276,0.13587326711595848,"MKT,SMB,HML,RMW,CMA,MOM",0.0,0.0,calm:20|mid:20|crisis:20,60,calm,13.577495738049944,13.577495738049944,6.580034346982113,1000000.0,False,0.014898085020114162,0.07449042510057081,factor:Not enough valid observations to fit factor loadings for UHN.;poet:insufficient observations for POET,True,0
,,calm,0,0.0,,0.0,0.0,,0.0,0.0,0.0,0.0,0.0,strict,0.0,0.0,0.0,,0.02,holdout_empty,reports/rc-20251107/vol-tyler/resolved_config.json,0.0127701144256679,0.014636414750688756,0.012734347882328361,vol,3,21,0.39238155230446575,0.37336681060663696,ff5mom,ff5mom,6,0.3091984306657131,0.5081310609215276,0.13587326711595848,"MKT,SMB,HML,RMW,CMA,MOM",0.0,0.0,calm:21|mid:21|crisis:21,63,calm,,,,,,,,,True,0
,,calm,0,0.0,,0.0,0.0,,0.0,0.0,0.0,0.0,0.0,strict,0.0,0.0,0.0,,0.02,holdout_empty,reports/rc-20251107/vol-tyler/resolved_config.json,0.012763698452651809,0.014635393056784086,0.012698352316810664,vol,3,22,0.39238155230446575,0.37336681060663696,ff5mom,ff5mom,6,0.3091984306657131,0.5081310609215276,0.13587326711595848,"MKT,SMB,HML,RMW,CMA,MOM",0.0,0.0,calm:22|mid:22|crisis:22,66,calm,,,,,,,,,True,0
,,calm,0,0.0,,0.0,0.0,,0.0,0.0,0.0,0.0,0.0,strict,0.0,0.0,0.0,,0.02,holdout_empty,reports/rc-20251107/vol-tyler/resolved_config.json,0.012758271725690813,0.01463390960740867,0.01273078524135893,vol,3,22,0.39238155230446575,0.37336681060663696,ff5mom,ff5mom,6,0.3091984306657131,0.5081310609215276,0.13587326711595848,"MKT,SMB,HML,RMW,CMA,MOM",0.0,0.0,calm:22|mid:22|crisis:22,66,calm,,,,,,,,,True,0
,,calm,0,0.0,,0.0,0.0,,0.0,0.0,0.0,0.0,0.0,strict,0.0,0.0,0.0,,0.02,holdout_empty,reports/rc-20251107/vol-tyler/resolved_config.json,0.012752844998729817,0.01463321697420255,0.012737853093227133,vol,3,22,0.39238155230446575,0.37336681060663696,ff5mom,ff5mom,6,0.3091984306657131,0.5081310609215276,0.13587326711595848,"MKT,SMB,HML,RMW,CMA,MOM",0.0,0.0,calm:22|mid:22|crisis:22,66,calm,,,,,,,,,True,0
,,calm,0,0.0,,0.0,0.0,,0.0,0.0,0.0,0.0,0.0,strict,0.0,0.0,0.0,,0.02,holdout_empty,reports/rc-20251107/vol-tyler/resolved_config.json,0.01274085147432767,0.014630267130589404,0.01247205399639094,vol,3,22,0.39238155230446575,0.37336681060663696,ff5mom,ff5mom,6,0.3091984306657131,0.5081310609215276,0.13587326711595848,"MKT,SMB,HML,RMW,CMA,MOM",0.0,0.0,calm:22|mid:22|crisis:22,66,calm,,,,,,,,,True,0
,,calm,0,0.0,,0.0,0.0,,0.0,0.0,0.0,0.0,0.0,strict,0.0,0.0,0.0,,0.02,holdout_empty,reports/rc-20251107/vol-tyler/resolved_config.json,0.012736451008867625,0.014624367443363115,0.012692770966626915,vol,3,22,0.39238155230446575,0.37336681060663696,ff5mom,ff5mom,6,0.3091984306657131,0.5081310609215276,0.13587326711595848,"MKT,SMB,HML,RMW,CMA,MOM",0.0,0.0,calm:22|mid:22|crisis:22,66,calm,,,,,,,,,True,0
,,calm,0,0.0,,0.0,0.0,,0.0,,,,,,,,,,,balance_failure,reports/rc-20251107/vol-tyler/resolved_config.json,0.012782869938849724,0.014564651973716529,0.012668160934226189,vol,0,0,0.39238155230446575,0.37336681060663696,ff5mom,ff5mom,6,0.3091984306657131,0.5081310609215276,0.13587326711595848,"MKT,SMB,HML,RMW,CMA,MOM",0.0,0.0,,0,calm,,,,,,,,,True,0
,,calm,0,0.0,,0.0,0.0,,0.0,,,,,,,,,,,balance_failure,reports/rc-20251107/vol-tyler/resolved_config.json,0.012775904748169028,0.014562509635337319,0.012496702831513233,vol,0,0,0.39238155230446575,0.37336681060663696,ff5mom,ff5mom,6,0.3091984306657131,0.5081310609215276,0.13587326711595848,"MKT,SMB,HML,RMW,CMA,MOM",0.0,0.0,,0,calm,,,,,,,,,True,0
,,calm,0,0.0,,0.0,0.0,,0.0,,,,,,,,,,,balance_failure,reports/rc-20251107/vol-tyler/resolved_config.json,0.012773247215253775,0.01456098887706638,0.012531127109649464,vol,0,0,0.39238155230446575,0.37336681060663696,ff5mom,ff5mom,6,0.3091984306657131,0.5081310609215276,0.13587326711595848,"MKT,SMB,HML,RMW,CMA,MOM",0.0,0.0,,0,calm,,,,,,,,,True,0
,,calm,0,0.0,,0.0,0.0,,0.0,,,,,,,,,,,balance_failure,reports/rc-20251107/vol-tyler/resolved_config.json,0.012768880222489369,0.014559468118795441,0.012727399515518488,vol,0,0,0.39238155230446575,0.37336681060663696,ff5mom,ff5mom,6,0.3091984306657131,0.5081310609215276,0.13587326711595848,"MKT,SMB,HML,RMW,CMA,MOM",0.0,0.0,,0,calm,,,,,,,,,True,0
,,calm,0,0.0,,0.0,0.0,,0.0,,,,,,,,,,,balance_failure,reports/rc-20251107/vol-tyler/resolved_config.json,0.012767646019310836,0.014551004654477678,0.012674095711401188,vol,0,0,0.39238155230446575,0.37336681060663696,ff5mom,ff5mom,6,0.3091984306657131,0.5081310609215276,0.13587326711595848,"MKT,SMB,HML,RMW,CMA,MOM",0.0,0.0,,0,calm,,,,,,,,,True,0
,,calm,0,0.0,,0.0,0.0,,0.0,,,,,,,,,,,balance_failure,reports/rc-20251107/vol-tyler/resolved_config.json,0.01286688996248673,0.014899464030054644,0.01276384252249312,vol,0,0,0.39238155230446575,0.37336681060663696,ff5mom,ff5mom,6,0.3091984306657131,0.5081310609215276,0.13587326711595848,"MKT,SMB,HML,RMW,CMA,MOM",0.0,0.0,,0,calm,,,,,,,,,True,0
,,calm,0,0.0,,0.0,0.0,,0.0,,,,,,,,,,,balance_failure,reports/rc-20251107/vol-tyler/resolved_config.json,0.012862012993324779,0.014898118620625558,0.012603777530574196,vol,0,0,0.39238155230446575,0.37336681060663696,ff5mom,ff5mom,6,0.3091984306657131,0.5081310609215276,0.13587326711595848,"MKT,SMB,HML,RMW,CMA,MOM",0.0,0.0,,0,calm,,,,,,,,,True,0
,,calm,0,0.0,,0.0,0.0,,0.0,,,,,,,,,,,balance_failure,reports/rc-20251107/vol-tyler/resolved_config.json,0.01285891778981272,0.014896665332197708,0.012483061783906324,vol,0,0,0.39238155230446575,0.37336681060663696,ff5mom,ff5mom,6,0.3091984306657131,0.5081310609215276,0.13587326711595848,"MKT,SMB,HML,RMW,CMA,MOM",0.0,0.0,,0,calm,,,,,,,,,True,0
,,calm,0,0.0,,0.0,0.0,,0.0,0.0,0.0,0.0,0.0,strict,0.0,0.0,0.0,,0.02,balance_failure,reports/rc-20251107/vol-tyler/resolved_config.json,0.012851598564990858,0.014895212043769859,0.012391315650073585,vol,3,10,0.39238155230446575,0.37336681060663696,ff5mom,ff5mom,6,0.3091984306657131,0.5081310609215276,0.13587326711595848,"MKT,SMB,HML,RMW,CMA,MOM",0.0,0.0,calm:10|mid:10|crisis:10,30,calm,,,,,,,,,True,0
,,calm,0,0.0,,0.0,0.0,,0.0,0.0,0.0,0.0,0.0,strict,0.0,0.0,0.0,,0.02,balance_failure,reports/rc-20251107/vol-tyler/resolved_config.json,0.01284251289983265,0.01489375875534201,0.012160938955500971,vol,3,11,0.39238155230446575,0.37336681060663696,ff5mom,ff5mom,6,0.3091984306657131,0.5081310609215276,0.13587326711595848,"MKT,SMB,HML,RMW,CMA,MOM",0.0,0.0,calm:11|mid:11|crisis:11,33,calm,,,,,,,,,True,0
,,calm,0,0.0,,0.0,0.0,,0.0,0.0,0.0,0.0,0.0,strict,0.0,0.0,0.0,,0.02,balance_failure,reports/rc-20251107/vol-tyler/resolved_config.json,0.012834876586658241,0.01489230546691416,0.012530075592553305,vol,3,11,0.39238155230446575,0.37336681060663696,ff5mom,ff5mom,6,0.3091984306657131,0.5081310609215276,0.13587326711595848,"MKT,SMB,HML,RMW,CMA,MOM",0.0,0.0,calm:11|mid:11|crisis:11,33,calm,,,,,,,,,True,0
,,calm,0,0.0,,0.0,0.0,,0.0,0.0,0.0,0.0,0.0,strict,0.0,0.0,0.0,,0.02,balance_failure,reports/rc-20251107/vol-tyler/resolved_config.json,0.012832663629134475,0.01489085217848631,0.012571855934239198,vol,3,12,0.39238155230446575,0.37336681060663696,ff5mom,ff5mom,6,0.3091984306657131,0.5081310609215276,0.13587326711595848,"MKT,SMB,HML,RMW,CMA,MOM",0.0,0.0,calm:12|mid:12|crisis:12,36,calm,,,,,,,,,True,0
,,calm,0,0.0,,0.0,0.0,,0.0,0.0,0.0,0.0,0.0,strict,0.0,0.0,0.0,,0.02,balance_failure,reports/rc-20251107/vol-tyler/resolved_config.json,0.01283246479777452,0.014885051735938135,0.01254819358041449,vol,3,13,0.39238155230446575,0.37336681060663696,ff5mom,ff5mom,6,0.3091984306657131,0.5081310609215276,0.13587326711595848,"MKT,SMB,HML,RMW,CMA,MOM",0.0,0.0,calm:13|mid:13|crisis:13,39,calm,,,,,,,,,True,0
,,calm,0,0.0,,0.0,0.0,,0.0,0.0,0.0,0.0,0.0,strict,0.0,0.0,0.0,,0.02,balance_failure,reports/rc-20251107/vol-tyler/resolved_config.json,0.01283177122478833,0.01487925129338996,0.012558741376974296,vol,3,14,0.39238155230446575,0.37336681060663696,ff5mom,ff5mom,6,0.3091984306657131,0.5081310609215276,0.13587326711595848,"MKT,SMB,HML,RMW,CMA,MOM",0.0,0.0,calm:14|mid:14|crisis:14,42,calm,,,,,,,,,True,0
,,calm,0,0.0,,0.0,0.0,,0.0,0.0,0.0,0.0,0.0,strict,0.0,0.0,0.0,,0.02,balance_failure,reports/rc-20251107/vol-tyler/resolved_config.json,0.012830633012261798,0.014873450850841782,0.012795175223673568,vol,3,14,0.39238155230446575,0.37336681060663696,ff5mom,ff5mom,6,0.3091984306657131,0.5081310609215276,0.13587326711595848,"MKT,SMB,HML,RMW,CMA,MOM",0.0,0.0,calm:14|mid:14|crisis:14,42,calm,,,,,,,,,True,0
371.0,2019-12-23T00:00:00,calm,0,0.0,0.0,0.0,0.0,0.0,0.0,,,0.0,0.0,strict,0.0,0.0,0.0,,,detection_error,reports/rc-20251107/vol-tyler/resolved_config.json,0.012829924043166067,0.014861317860802692,0.01260338165467594,vol,3,15,0.39238155230446575,0.37336681060663696,ff5mom,ff5mom,6,0.3091984306657131,0.5081310609215276,0.13587326711595848,"MKT,SMB,HML,RMW,CMA,MOM",0.0,0.0,calm:15|mid:15|crisis:15,45,calm,10.908746943880509,10.908746943880509,5.518321471850265,1000000.0,False,0.017164415670424878,0.08582207835212438,factor:Not enough valid observations to fit factor loadings for UHN.;poet:insufficient observations for POET,True,0
372.0,2019-12-24T00:00:00,calm,0,0.0,0.0,0.0,0.0,0.0,0.0,,,0.0,0.0,strict,0.0,0.0,0.0,,,detection_error,reports/rc-20251107/vol-tyler/resolved_config.json,0.012828122977652096,0.014860785755859954,0.012825781774603936,vol,3,16,0.39238155230446575,0.37336681060663696,ff5mom,ff5mom,6,0.3091984306657131,0.5081310609215276,0.13587326711595848,"MKT,SMB,HML,RMW,CMA,MOM",0.0,0.0,calm:16|mid:16|crisis:16,48,calm,13.523878773117724,13.523878773117724,6.4705099543511375,1000000.0,False,0.032635913437131306,0.16317956718565652,factor:Not enough valid observations to fit factor loadings for UHN.;poet:insufficient observations for POET,True,0
373.0,2019-12-26T00:00:00,calm,0,0.0,0.0,0.0,0.0,0.0,0.0,,,0.0,0.0,strict,0.0,0.0,0.0,,,detection_error,reports/rc-20251107/vol-tyler/resolved_config.json,0.01282660786404639,0.014860253650917216,0.01239240070654632,vol,3,17,0.39238155230446575,0.37336681060663696,ff5mom,ff5mom,6,0.3091984306657131,0.5081310609215276,0.13587326711595848,"MKT,SMB,HML,RMW,CMA,MOM",0.0,0.0,calm:17|mid:17|crisis:17,51,calm,11.483343817585089,11.483343817585089,5.603005423924546,1000000.0,False,0.02081939316994451,0.10409696584972254,factor:Not enough valid observations to fit factor loadings for UHN.;poet:insufficient observations for POET,True,0
374.0,2019-12-27T00:00:00,calm,0,0.0,0.0,0.0,0.0,0.0,0.0,,,0.0,0.0,strict,0.0,0.0,0.0,,,detection_error,reports/rc-20251107/vol-tyler/resolved_config.json,0.012824068037127828,0.014859721545974479,0.012120055143413497,vol,3,17,0.39238155230446575,0.37336681060663696,ff5mom,ff5mom,6,0.3091984306657131,0.5081310609215276,0.13587326711595848,"MKT,SMB,HML,RMW,CMA,MOM",0.0,0.0,calm:17|mid:17|crisis:17,51,calm,11.214120312605878,11.214120312605878,5.504638758684745,1000000.0,False,0.011278806564674008,0.056394032823370036,factor:Not enough valid observations to fit factor loadings for UHN.;poet:insufficient observations for POET,True,0
375.0,2019-12-30T00:00:00,calm,0,0.0,0.0,0.0,0.0,0.0,0.0,,,0.0,0.0,strict,0.0,0.0,0.0,,,detection_error,reports/rc-20251107/vol-tyler/resolved_config.json,0.012817213087223398,0.01485918944103174,0.011931248633344103,vol,3,18,0.39238155230446575,0.37336681060663696,ff5mom,ff5mom,6,0.3091984306657131,0.5081310609215276,0.13587326711595848,"MKT,SMB,HML,RMW,CMA,MOM",0.0,0.0,calm:18|mid:18|crisis:18,54,calm,14.162288417941939,14.162288417941939,6.694468880584164,1000000.0,False,0.040216077149422505,0.2010803857471125,factor:Not enough valid observations to fit factor loadings for UHN.;poet:insufficient observations for POET,True,0
376.0,2019-12-31T00:00:00,calm,0,0.0,0.0,0.0,0.0,0.0,0.0,,,0.0,0.0,strict,0.0,0.0,0.0,,,detection_error,reports/rc-20251107/vol-tyler/resolved_config.json,0.01281410373099237,0.01485911072585322,0.011619629620385104,vol,3,19,0.39238155230446575,0.37336681060663696,ff5mom,ff5mom,6,0.3091984306657131,0.5081310609215276,0.13587326711595848,"MKT,SMB,HML,RMW,CMA,MOM",0.0,0.0,calm:19|mid:19|crisis:19,57,calm,16.353479264800608,16.353479264800608,7.395987222055224,1000000.0,False,0.009890026164058105,0.049450130820290525,factor:Not enough valid observations to fit factor loadings for UHN.;poet:insufficient observations for POET,True,0
377.0,2020-01-02T00:00:00,calm,0,0.0,0.0,0.0,0.0,0.0,0.0,,,0.0,0.0,strict,0.0,0.0,0.0,,,detection_error,reports/rc-20251107/vol-tyler/resolved_config.json,0.012812907219838124,0.014859032010674698,0.011395111506477354,vol,3,20,0.39238155230446575,0.37336681060663696,ff5mom,ff5mom,6,0.3091984306657131,0.5081310609215276,0.13587326711595848,"MKT,SMB,HML,RMW,CMA,MOM",0.0,0.0,calm:20|mid:20|crisis:20,60,calm,15.876903554724306,15.876903554724306,7.072641055282534,1000000.0,False,0.033693327491684376,0.1684666374584219,factor:Not enough valid observations to fit factor loadings for UHN.;poet:insufficient observations for POET,True,0
378.0,2020-01-03T00:00:00,calm,0,0.0,0.0,0.0,0.0,0.0,0.0,,,0.0,0.0,strict,0.0,0.0,0.0,,,detection_error,reports/rc-20251107/vol-tyler/resolved_config.json,0.012809454535845926,0.014858953295496179,0.011515861275877082,vol,3,21,0.39238155230446575,0.37336681060663696,ff5mom,ff5mom,6,0.3091984306657131,0.5081310609215276,0.13587326711595848,"MKT,SMB,HML,RMW,CMA,MOM",0.0,0.0,calm:21|mid:21|crisis:21,63,calm,15.937269394691276,15.937269394691276,7.0114496837131774,1000000.0,False,0.03758580273503361,0.18792901367516807,factor:Not enough valid observations to fit factor loadings for UHN.;poet:insufficient observations for POET,True,0
379.0,2020-01-06T00:00:00,calm,0,0.0,0.0,0.0,0.0,0.0,0.0,,,0.0,0.0,strict,0.0,0.0,0.0,,,detection_error,reports/rc-20251107/vol-tyler/resolved_config.json,0.012802790790298006,0.014858874580317658,0.011511820819116432,vol,3,22,0.39238155230446575,0.37336681060663696,ff5mom,ff5mom,6,0.3091984306657131,0.5081310609215276,0.13587326711595848,"MKT,SMB,HML,RMW,CMA,MOM",0.0,0.0,calm:22|mid:22|crisis:22,66,calm,16.64944277201745,16.64944277201745,7.293320310704696,1000000.0,False,0.026274283431699453,0.13137141715849726,factor:Not enough valid observations to fit factor loadings for UHN.;poet:insufficient observations for POET,True,0
380.0,2020-01-07T00:00:00,calm,0,0.0,0.0,0.0,0.0,0.0,0.0,,,0.0,0.0,strict,0.0,0.0,0.0,,,detection_error,reports/rc-20251107/vol-tyler/resolved_config.json,0.012795175223673568,0.014858795865139137,0.011709346011221786,vol,3,23,0.39238155230446575,0.37336681060663696,ff5mom,ff5mom,6,0.3091984306657131,0.5081310609215276,0.13587326711595848,"MKT,SMB,HML,RMW,CMA,MOM",0.0,0.0,calm:23|mid:23|crisis:23,69,calm,17.502397464177033,17.502397464177033,7.506263449467279,1000000.0,False,0.03208405309223218,0.1604202654611609,factor:Not enough valid observations to fit factor loadings for UHN.;poet:insufficient observations for POET,True,0
381.0,2020-01-08T00:00:00,calm,0,0.0,0.0,0.0,0.0,0.0,0.0,,,0.0,0.0,strict,0.0,0.0,0.0,,,detection_error,reports/rc-20251107/vol-tyler/resolved_config.json,0.012794436548094132,0.01485778855829757,0.011529671324169728,vol,3,23,0.39238155230446575,0.37336681060663696,ff5mom,ff5mom,6,0.3091984306657131,0.5081310609215276,0.13587326711595848,"MKT,SMB,HML,RMW,CMA,MOM",0.0,0.0,calm:23|mid:23|crisis:23,69,calm,17.762216057971767,17.762216057971767,7.555592875666183,1000000.0,False,0.016197677414529387,0.08098838707264694,factor:Not enough valid observations to fit factor loadings for UHN.;poet:insufficient observations for POET,True,0
382.0,2020-01-09T00:00:00,calm,0,0.0,0.0,0.0,0.0,0.0,0.0,,,0.0,0.0,strict,0.0,0.0,0.0,,,detection_error,reports/rc-20251107/vol-tyler/resolved_config.json,0.012788467493591648,0.014856781251456003,0.011657327263994415,vol,3,24,0.39238155230446575,0.37336681060663696,ff5mom,ff5mom,6,0.3091984306657131,0.5081310609215276,0.13587326711595848,"MKT,SMB,HML,RMW,CMA,MOM",0.0,0.0,calm:24|mid:24|crisis:24,72,calm,18.244271597323397,18.244271597323397,7.687371526237071,1000000.0,False,0.03268073583222163,0.16340367916110815,factor:Not enough valid observations to fit factor loadings for UHN.;poet:insufficient observations for POET,True,0
383.0,2020-01-10T00:00:00,calm,0,0.0,0.0,0.0,0.0,0.0,0.0,,,0.0,0.0,strict,0.0,0.0,0.0,,,detection_error,reports/rc-20251107/vol-tyler/resolved_config.json,0.01278112864117955,0.014855773944614434,0.011710878068664545,vol,3,25,0.39238155230446575,0.37336681060663696,ff5mom,ff5mom,6,0.3091984306657131,0.5081310609215276,0.13587326711595848,"MKT,SMB,HML,RMW,CMA,MOM",0.0,0.0,calm:25|mid:25|crisis:25,75,calm,17.70763980602022,17.70763980602022,7.413547667400546,1000000.0,False,0.028250027847079404,0.14125013923539703,factor:Not enough valid observations to fit factor loadings for UHN.;poet:insufficient observations for POET,True,0
384.0,2020-01-13T00:00:00,calm,0,0.0,0.0,0.0,0.0,0.0,0.0,,,0.0,0.0,strict,0.0,0.0,0.0,,,detection_error,reports/rc-20251107/vol-tyler/resolved_config.json,0.012775240364940215,0.014854766637772868,0.011593297367372508,vol,3,26,0.39238155230446575,0.37336681060663696,ff5mom,ff5mom,6,0.3091984306657131,0.5081310609215276,0.13587326711595848,"MKT,SMB,HML,RMW,CMA,MOM",0.0,0.0,calm:26|mid:26|crisis:26,78,calm,17.732975751917202,17.732975751917202,7.352885061093035,1000000.0,False,0.035277360679474686,0.17638680339737342,factor:Not enough valid observations to fit factor loadings for UHN.;poet:insufficient observations for POET,True,0
385.0,2020-01-14T00:00:00,calm,0,0.0,0.0,0.0,0.0,0.0,0.0,,,0.0,0.0,strict,0.0,0.0,0.0,,,detection_error,reports/rc-20251107/vol-tyler/resolved_config.json,0.012772582832024962,0.0148537593309313,0.011495666548579812,vol,3,25,0.39238155230446575,0.37336681060663696,ff5mom,ff5mom,6,0.3091984306657131,0.5081310609215276,0.13587326711595848,"MKT,SMB,HML,RMW,CMA,MOM",0.0,0.0,calm:25|mid:25|crisis:25,75,calm,16.0517519151266,16.0517519151266,6.875938168512172,1000000.0,False,0.13337826516059204,0.6668913258029602,factor:Not enough valid observations to fit factor loadings for UHN.;poet:insufficient observations for POET,True,0
386.0,2020-01-15T00:00:00,calm,0,0.0,0.0,0.0,0.0,0.0,0.0,,,0.0,0.0,strict,0.0,0.0,0.0,,,detection_error,reports/rc-20251107/vol-tyler/resolved_config.json,0.012767646019310836,0.014853621164508354,0.01162151744995843,vol,3,25,0.39238155230446575,0.37336681060663696,ff5mom,ff5mom,6,0.3091984306657131,0.5081310609215276,0.13587326711595848,"MKT,SMB,HML,RMW,CMA,MOM",0.0,0.0,calm:25|mid:25|crisis:25,75,calm,15.993660173852884,15.993660173852884,6.870860825198209,1000000.0,False,0.008035496574727859,0.04017748287363929,factor:Not enough valid observations to fit factor loadings for UHN.;poet:insufficient observations for POET,True,0
387.0,2020-01-16T00:00:00,calm,0,0.0,0.0,0.0,0.0,0.0,0.0,,,0.0,0.0,strict,0.0,0.0,0.0,,,detection_error,reports/rc-20251107/vol-tyler/resolved_config.json,0.012764870239948795,0.014853482998085407,0.011386665859690474,vol,3,25,0.39238155230446575,0.37336681060663696,ff5mom,ff5mom,6,0.3091984306657131,0.5081310609215276,0.13587326711595848,"MKT,SMB,HML,RMW,CMA,MOM",0.0,0.0,calm:25|mid:25|crisis:25,75,calm,16.210834572405208,16.210834572405208,6.91171867289515,1000000.0,False,0.0067905840464871515,0.033952920232435756,factor:Not enough valid observations to fit factor loadings for UHN.;poet:insufficient observations for POET,True,0
388.0,2020-01-17T00:00:00,calm,0,0.0,0.0,0.0,0.0,0.0,0.0,,,0.0,0.0,strict,0.0,0.0,0.0,,,detection_error,reports/rc-20251107/vol-tyler/resolved_config.json,0.012759443512987799,0.014853344831662459,0.011945256349881599,vol,3,24,0.39238155230446575,0.37336681060663696,ff5mom,ff5mom,6,0.3091984306657131,0.5081310609215276,0.13587326711595848,"MKT,SMB,HML,RMW,CMA,MOM",0.0,0.0,calm:24|mid:24|crisis:24,72,calm,16.275787747031444,16.275787747031444,7.036463788402971,1000000.0,False,0.011630486342600325,0.05815243171300163,factor:Not enough valid observations to fit factor loadings for UHN.;poet:insufficient observations for POET,True,0
389.0,2020-01-21T00:00:00,calm,0,0.0,0.0,0.0,0.0,0.0,0.0,,,0.0,0.0,strict,0.0,0.0,0.0,,,detection_error,reports/rc-20251107/vol-tyler/resolved_config.json,0.01274984661762928,0.014853206665239512,0.01171895380927194,vol,3,24,0.39238155230446575,0.37336681060663696,ff5mom,ff5mom,6,0.3091984306657131,0.5081310609215276,0.13587326711595848,"MKT,SMB,HML,RMW,CMA,MOM",0.0,0.0,calm:24|mid:24|crisis:24,72,calm,16.275787747031444,16.275787747031444,7.036463788402971,1000000.0,False,0.0,0.0,factor:Not enough valid observations to fit factor loadings for UHN.;poet:insufficient observations for POET,True,0
390.0,2020-01-22T00:00:00,calm,0,0.0,0.0,0.0,0.0,0.0,0.0,,,0.0,0.0,strict,0.0,0.0,0.0,,,detection_error,reports/rc-20251107/vol-tyler/resolved_config.json,0.012737853093227133,0.014853068498816565,0.011591402252899976,vol,3,25,0.39238155230446575,0.37336681060663696,ff5mom,ff5mom,6,0.3091984306657131,0.5081310609215276,0.13587326711595848,"MKT,SMB,HML,RMW,CMA,MOM",0.0,0.0,calm:25|mid:25|crisis:25,75,calm,16.111810947386626,16.111810947386626,6.89165883628523,1000000.0,False,0.010486505090790186,0.05243252545395093,factor:Not enough valid observations to fit factor loadings for UHN.;poet:insufficient observations for POET,True,0
391.0,2020-01-23T00:00:00,calm,0,0.0,0.0,0.0,0.0,0.0,0.0,,,0.0,0.0,strict,0.0,0.0,0.0,,,detection_error,reports/rc-20251107/vol-tyler/resolved_config.json,0.012735048924508116,0.014838121082966869,0.011846087886046547,vol,3,26,0.39238155230446575,0.37336681060663696,ff5mom,ff5mom,6,0.3091984306657131,0.5081310609215276,0.13587326711595848,"MKT,SMB,HML,RMW,CMA,MOM",0.0,0.0,calm:26|mid:26|crisis:26,78,calm,17.299846410148504,17.299846410148504,7.183758050610814,1000000.0,False,0.019085014836078166,0.09542507418039083,factor:Not enough valid observations to fit factor loadings for UHN.;poet:insufficient observations for POET,True,0
392.0,2020-01-24T00:00:00,calm,0,0.0,0.0,0.0,0.0,0.0,0.0,,,0.0,0.0,strict,0.0,0.0,0.0,,,detection_error,reports/rc-20251107/vol-tyler/resolved_config.json,0.0127342394733586,0.01482317366711717,0.011747565717024275,vol,3,27,0.39238155230446575,0.37336681060663696,ff5mom,ff5mom,6,0.3091984306657131,0.5081310609215276,0.13587326711595848,"MKT,SMB,HML,RMW,CMA,MOM",0.0,0.0,calm:27|mid:27|crisis:27,81,calm,17.925634459541286,17.925634459541286,7.251278187222549,1000000.0,False,0.010299460590012691,0.05149730295006345,factor:Not enough valid observations to fit factor loadings for UHN.;poet:insufficient observations for POET,True,0
393.0,2020-01-27T00:00:00,calm,0,0.0,0.0,0.0,0.0,0.0,0.0,,,0.0,0.0,strict,0.0,0.0,0.0,,,detection_error,reports/rc-20251107/vol-tyler/resolved_config.json,0.012732814416970828,0.014808226251267475,0.012014862406313694,vol,3,27,0.39238155230446575,0.37336681060663696,ff5mom,ff5mom,6,0.3091984306657131,0.5081310609215276,0.13587326711595848,"MKT,SMB,HML,RMW,CMA,MOM",0.0,0.0,calm:27|mid:27|crisis:27,81,calm,18.382802957970956,18.382802957970956,7.35695531252592,1000000.0,False,0.013962468220386832,0.06981234110193416,factor:Not enough valid observations to fit factor loadings for UHN.;poet:insufficient observations for POET,True,0
394.0,2020-01-28T00:00:00,calm,0,0.0,0.0,0.0,0.0,0.0,0.0,,,0.0,0.0,strict,0.0,0.0,0.0,,,detection_error,reports/rc-20251107/vol-tyler/resolved_config.json,0.012730108096190842,0.014793278835417778,0.012059743998668075,vol,3,28,0.39238155230446575,0.37336681060663696,ff5mom,ff5mom,6,0.3091984306657131,0.5081310609215276,0.13587326711595848,"MKT,SMB,HML,RMW,CMA,MOM",0.0,0.0,calm:28|mid:28|crisis:28,84,calm,18.954482856136202,18.954482856136202,7.424818067706304,1000000.0,False,0.03253519962969167,0.16267599814845835,factor:Not enough valid observations to fit factor loadings for UHN.;poet:insufficient observations for POET,True,0
395.0,2020-01-29T00:00:00,calm,0,0.0,0.0,0.0,0.0,0.0,0.0,,,0.0,0.0,strict,0.0,0.0,0.0,,,detection_error,reports/rc-20251107/vol-tyler/resolved_config.json,0.012727399515518488,0.014778331419568077,0.011797871711471704,vol,3,29,0.39238155230446575,0.37336681060663696,ff5mom,ff5mom,6,0.3091984306657131,0.5081310609215276,0.13587326711595848,"MKT,SMB,HML,RMW,CMA,MOM",0.0,0.0,calm:29|mid:29|crisis:29,87,calm,20.191085219950303,20.191085219950303,7.692847849720199,1000000.0,False,0.030967831712834088,0.15483915856417044,factor:Not enough valid observations to fit factor loadings for UHN.;poet:insufficient observations for POET,True,0
396.0,2020-01-30T00:00:00,calm,0,0.0,0.0,0.0,0.0,0.0,0.0,,,0.0,0.0,strict,0.0,0.0,0.0,,,detection_error,reports/rc-20251107/vol-tyler/resolved_config.json,0.012721843661231523,0.014777917561971327,0.01178422773778643,vol,3,30,0.39238155230446575,0.37336681060663696,ff5mom,ff5mom,6,0.3091984306657131,0.5081310609215276,0.13587326711595848,"MKT,SMB,HML,RMW,CMA,MOM",0.0,0.0,calm:30|mid:30|crisis:30,90,calm,21.327377495554636,21.327377495554636,8.024872806000543,1000000.0,False,0.036958080061229255,0.18479040030614627,factor:Not enough valid observations to fit factor loadings for UHN.;poet:insufficient observations for POET,True,0
397.0,2020-01-31T00:00:00,calm,0,0.0,0.0,0.0,0.0,0.0,0.0,,,0.0,0.0,strict,0.0,0.0,0.0,,,detection_error,reports/rc-20251107/vol-tyler/resolved_config.json,0.012717820288843138,0.014777503704374575,0.012145362303130099,vol,3,31,0.39238155230446575,0.37336681060663696,ff5mom,ff5mom,6,0.3091984306657131,0.5081310609215276,0.13587326711595848,"MKT,SMB,HML,RMW,CMA,MOM",0.0,0.0,calm:31|mid:31|crisis:31,93,calm,22.44432075222154,22.44432075222154,8.216776248069774,1000000.0,False,0.06463243344498289,0.3231621672249144,factor:Not enough valid observations to fit factor loadings for UHN.;poet:insufficient observations for POET,True,0
398.0,2020-02-03T00:00:00,calm,0,0.0,0.0,0.0,0.0,0.0,0.0,,,0.0,0.0,strict,0.0,0.0,0.0,,,detection_error,reports/rc-20251107/vol-tyler/resolved_config.json,0.012715809174740026,0.014777089846777825,0.01265785203071227,vol,3,32,0.39238155230446575,0.37336681060663696,ff5mom,ff5mom,6,0.3091984306657131,0.5081310609215276,0.13587326711595848,"MKT,SMB,HML,RMW,CMA,MOM",0.0,0.0,calm:32|mid:32|crisis:32,96,calm,21.584668790165786,21.584668790165786,7.93318318633269,1000000.0,False,0.015715687968603072,0.07857843984301535,factor:Not enough valid observations to fit factor loadings for UHN.;poet:insufficient observations for POET,True,0
